"DateTime","Site","measured_flow_cms","est_flow_cms"
2017-01-01,NA,NA,1.45015862392396e-06
2017-01-02,NA,NA,NA
2017-01-03,NA,NA,NA
2017-01-04,NA,NA,6.54526860448727e-05
2017-01-05,NA,NA,4.63796315913715e-05
2017-01-06,NA,NA,NA
2017-01-07,NA,NA,1.70371834381533e-05
2017-01-08,NA,NA,0.000331160293413224
2017-01-09,NA,NA,0.000534928914088555
2017-01-10,NA,NA,6.3688478418673e-06
2017-01-11,NA,NA,5.33344426017631e-05
2017-01-12,NA,NA,4.1873582504012e-05
2017-01-13,NA,NA,2.00359700939467e-05
2017-01-14,NA,NA,0.000123622249704879
2017-01-15,NA,NA,NA
2017-01-16,NA,NA,NA
2017-01-17,NA,NA,NA
2017-01-18,NA,NA,1.82419068767681e-05
2017-01-19,NA,NA,1.81591741398372e-05
2017-01-20,NA,NA,2.44773431843205e-05
2017-01-21,NA,NA,6.24824193655462e-05
2017-01-22,NA,NA,NA
2017-01-23,NA,NA,NA
2017-01-24,NA,NA,0.00489377484437496
2017-01-25,NA,NA,0.00451759807257703
2017-01-26,NA,NA,0.00313925300216248
2017-01-27,NA,NA,0.00333586836384303
2017-01-28,NA,NA,0.00275562245065609
2017-01-29,NA,NA,0.00281981512444345
2017-01-30,NA,NA,0.00198037807439003
2017-01-31,NA,NA,0.00147540905600493
2017-02-01,NA,NA,0.00146249979248363
2017-02-02,NA,NA,0.000970640593711955
2017-02-03,NA,NA,0.00150097419032774
2017-02-04,NA,NA,0.000522356299758771
2017-02-05,NA,NA,0.000254446767976184
2017-02-06,NA,NA,0.000164665512980712
2017-02-07,NA,NA,0.000130317057113614
2017-02-08,NA,NA,0.000108509332778751
2017-02-09,NA,NA,0.000132120882975717
2017-02-10,NA,NA,4.17348672566052e-05
2017-02-11,NA,NA,1.31309685307031e-05
2017-02-12,NA,NA,1.90692852542458e-05
2017-02-13,NA,NA,1.33534629541784e-05
2017-02-14,NA,NA,2.81345947013708e-06
2017-02-15,NA,NA,3.15270935759724e-06
2017-02-16,NA,NA,7.6087620668039e-07
2017-02-17,NA,NA,9.02569098597925e-08
2017-02-18,NA,NA,1.27891372111442e-07
2017-02-19,NA,NA,1.47779174039981e-06
2017-02-20,NA,NA,9.40127224082976e-08
2017-02-21,NA,NA,6.71053087208832e-09
2017-02-22,NA,NA,8.1098771754509e-09
2017-02-23,NA,NA,9.36966486932168e-08
2017-02-24,NA,NA,4.39033019115717e-08
2017-02-25,NA,NA,1.50876324776479e-07
2017-02-26,NA,NA,9.12841115693699e-09
2017-02-27,NA,NA,5.85013594958672e-08
2017-02-28,NA,NA,9.67866470626195e-07
2017-03-01,NA,NA,1.75815494718445e-06
2017-03-02,NA,NA,1.77788430741733e-07
2017-03-03,NA,NA,1.06966363690394e-07
2017-03-04,NA,NA,5.52004569400047e-09
2017-03-05,NA,NA,4.5923548806703e-09
2017-03-06,NA,NA,5.26963084544475e-09
2017-03-07,NA,NA,1.04511407579869e-07
2017-03-08,NA,NA,6.98925140289034e-08
2017-03-09,NA,NA,7.3258532977774e-09
2017-03-10,NA,NA,3.89637026854961e-07
2017-03-11,NA,NA,9.06727548806239e-09
2017-03-12,NA,NA,1.7206271550201e-06
2017-03-13,NA,NA,1.96962223860337e-07
2017-03-14,NA,NA,2.16377177606264e-05
2017-03-15,NA,NA,2.13679047032687e-05
2017-03-16,NA,NA,2.81874594213041e-06
2017-03-17,NA,NA,1.64215293657035e-06
2017-03-18,NA,NA,1.40778109004933e-05
2017-03-19,NA,NA,7.91118675358415e-06
2017-03-20,NA,NA,4.29727151852994e-07
2017-03-21,NA,NA,1.69138739565513e-06
2017-03-22,NA,NA,1.38222774952294e-05
2017-03-23,NA,NA,1.21795646862637e-06
2017-03-24,NA,NA,1.31952663250132e-08
2017-03-25,NA,NA,5.9490388438561e-08
2017-03-26,NA,NA,8.59947257094041e-08
2017-03-27,NA,NA,1.58559559104328e-08
2017-03-28,NA,NA,2.29621040963637e-05
2017-03-29,NA,NA,2.25093272249579e-06
2017-03-30,NA,NA,9.66642495968469e-08
2017-03-31,NA,NA,0.000289806392524618
2017-04-01,NA,NA,0.000248734506828482
2017-04-02,NA,NA,1.59454952323878e-05
2017-04-03,NA,NA,5.69497342909344e-05
2017-04-04,NA,NA,0.000233460506942671
2017-04-05,NA,NA,4.60823362999551e-05
2017-04-06,NA,NA,7.16345651194022e-05
2017-04-07,NA,NA,8.15253810889715e-05
2017-04-08,NA,NA,1.90645398621893e-05
2017-04-09,NA,NA,7.06843394543968e-06
2017-04-10,NA,NA,3.00462950345564e-06
2017-04-11,NA,NA,1.28220840116014e-06
2017-04-12,NA,NA,5.04556051574908e-06
2017-04-13,NA,NA,1.47154833916359e-06
2017-04-14,NA,NA,4.85612923235967e-07
2017-04-15,NA,NA,5.76907568265379e-06
2017-04-16,NA,NA,1.63572657286602e-06
2017-04-17,NA,NA,1.45356785224838e-06
2017-04-18,NA,NA,1.95974841427196e-06
2017-04-19,NA,NA,4.13557337685526e-07
2017-04-20,NA,NA,1.06550763619889e-06
2017-04-21,NA,NA,9.57630870418283e-07
2017-04-22,NA,NA,0.000100522202113864
2017-04-23,NA,NA,0.000286693916157186
2017-04-24,NA,NA,0.0109707164495953
2017-04-25,NA,NA,0.0231854958843128
2017-04-26,NA,NA,0.0136917401206803
2017-04-27,NA,NA,0.0134396912861997
2017-04-28,NA,NA,0.013827100253647
2017-04-29,NA,NA,0.0123075363004485
2017-04-30,NA,NA,0.010402535327982
2017-05-01,NA,NA,0.00912279344888215
2017-05-02,NA,NA,0.00938015893960878
2017-05-03,NA,NA,0.0057574716448863
2017-05-04,NA,NA,0.00342790582729325
2017-05-05,NA,NA,0.109466695454142
2017-05-06,NA,NA,0.0535620219671846
2017-05-07,NA,NA,0.0442351659477763
2017-05-08,NA,NA,0.0399969785293659
2017-05-09,NA,NA,0.036296221457814
2017-05-10,NA,NA,0.035707853528707
2017-05-11,NA,NA,0.0340101154259013
2017-05-12,NA,NA,0.0338698634955021
2017-05-13,NA,NA,0.0372140170574798
2017-05-14,NA,NA,0.0328125433360952
2017-05-15,NA,NA,0.0295655265984294
2017-05-16,NA,NA,0.0206946560566343
2017-05-17,NA,NA,0.016236711893911
2017-05-18,NA,NA,0.0117259805215179
2017-05-19,NA,NA,0.00955983366801564
2017-05-20,NA,NA,0.0079021097699399
2017-05-21,NA,NA,0.00544579275644084
2017-05-22,NA,NA,0.00645730617711472
2017-05-23,NA,NA,0.00734792232655986
2017-05-24,NA,NA,0.0265536593000531
2017-05-25,NA,NA,0.0746508167146211
2017-05-26,NA,NA,0.0498537828767905
2017-05-27,NA,NA,0.0413706916820826
2017-05-28,NA,NA,0.0374697050927505
2017-05-29,NA,NA,0.0376015604119774
2017-05-30,NA,NA,0.0336123578273653
2017-05-31,NA,NA,0.0290618256970077
2017-06-01,NA,NA,0.0237901516991298
2017-06-02,NA,NA,0.0176614242372198
2017-06-03,NA,NA,0.0124179031056503
2017-06-04,NA,NA,0.00895133340885449
2017-06-05,NA,NA,0.0124360096857228
2017-06-06,NA,NA,0.0120209131415117
2017-06-07,NA,NA,0.00831883740125895
2017-06-08,NA,NA,0.00573599196929477
2017-06-09,NA,NA,0.00554492456205788
2017-06-10,NA,NA,0.00468469253493389
2017-06-11,NA,NA,0.003739908306426
2017-06-12,NA,NA,0.00303082373577734
2017-06-13,NA,NA,0.00380185109587276
2017-06-14,NA,NA,0.00364155750070885
2017-06-15,NA,NA,0.00320667283198159
2017-06-16,NA,NA,0.00319725094220228
2017-06-17,NA,NA,0.00749118163642403
2017-06-18,NA,NA,0.0125198983564645
2017-06-19,NA,NA,0.0122754041086123
2017-06-20,NA,NA,0.0129099945699311
2017-06-21,NA,NA,0.00938243973391746
2017-06-22,NA,NA,0.00404268877843281
2017-06-23,NA,NA,0.00188486673429998
2017-06-24,NA,NA,0.00197973993047098
2017-06-25,NA,NA,0.00041021254992014
2017-06-26,NA,NA,2.66962661958288e-05
2017-06-27,NA,NA,1.99601715681054e-05
2017-06-28,NA,NA,1.92512876309986e-05
2017-06-29,NA,NA,8.29929598232417e-06
2017-06-30,NA,NA,8.37763984634547e-06
2017-07-01,NA,NA,3.29901166068388e-05
2017-07-02,NA,NA,2.09064629667631e-05
2017-07-03,NA,NA,8.04442761071071e-06
2017-07-04,NA,NA,1.18080134904914e-05
2017-07-05,NA,NA,0.000285095935411318
2017-07-06,NA,NA,6.13967931802997e-05
2017-07-07,NA,NA,2.85491568220957e-05
2017-07-08,NA,NA,2.37113330676658e-05
2017-07-09,NA,NA,8.05012174819254e-06
2017-07-10,NA,NA,5.43036864225588e-06
2017-07-11,NA,NA,7.13313274443992e-06
2017-07-12,NA,NA,4.46870048808003e-06
2017-07-13,NA,NA,6.61762016649873e-06
2017-07-14,NA,NA,4.30481568080912e-06
2017-07-15,NA,NA,4.12232779893221e-06
2017-07-16,NA,NA,1.26693929761231e-06
2017-07-17,NA,NA,2.64811601666179e-06
2017-07-18,NA,NA,0.000174768967905543
2017-07-19,NA,NA,6.4180961279994e-06
2017-07-20,NA,NA,3.44064480797351e-06
2017-07-21,NA,NA,2.61952775547122e-06
2017-07-22,NA,NA,2.54204217170687e-06
2017-07-23,NA,NA,8.27591420424591e-06
2017-07-24,NA,NA,0.000124776919537106
2017-07-25,NA,NA,7.98189676114426e-06
2017-07-26,NA,NA,1.77790433341144e-07
2017-07-27,NA,NA,4.22310613052735e-06
2017-07-28,NA,NA,4.88250393273776e-07
2017-07-29,NA,NA,2.62973229029259e-05
2017-07-30,NA,NA,2.08121818179412e-06
2017-07-31,NA,NA,9.19821806052377e-08
2017-08-01,NA,NA,5.02386715750512e-08
2017-08-02,NA,NA,8.26016922884347e-07
2017-08-03,NA,NA,3.15288303057445e-07
2017-08-04,NA,NA,6.30128112810376e-08
2017-08-05,NA,NA,1.59640932406467e-06
2017-08-06,NA,NA,9.70334996531331e-09
2017-08-07,NA,NA,6.16839509221632e-05
2017-08-08,NA,NA,1.59863186973616e-05
2017-08-09,NA,NA,5.48878867435473e-08
2017-08-10,NA,NA,1.21951813716598e-08
2017-08-11,NA,NA,5.1540503753279e-09
2017-08-12,NA,NA,1.95140814581493e-08
2017-08-13,NA,NA,2.14976450550228e-07
2017-08-14,NA,NA,1.60072706484106e-08
2017-08-15,NA,NA,2.63699343390838e-07
2017-08-16,NA,NA,2.12976453883379e-07
2017-08-17,NA,NA,2.36239824087161e-07
2017-08-18,NA,NA,1.97387082549383e-07
2017-08-19,NA,NA,6.69575623194485e-09
2017-08-20,NA,NA,4.34941506438982e-08
2017-08-21,NA,NA,4.5923548806703e-09
2017-08-22,NA,NA,3.74094750036523e-08
2017-08-23,NA,NA,9.17594426647846e-09
2017-08-24,NA,NA,5.1540503753279e-09
2017-08-25,NA,NA,4.5923548806703e-09
2017-08-26,NA,NA,4.5923548806703e-09
2017-08-27,NA,NA,4.5923548806703e-09
2017-08-28,NA,NA,4.5923548806703e-09
2017-08-29,NA,NA,4.5923548806703e-09
2017-08-30,NA,NA,2.75006159302387e-08
2017-08-31,NA,NA,4.5923548806703e-09
2017-09-01,NA,NA,4.5923548806703e-09
2017-09-02,NA,NA,5.7436019695556e-08
2017-09-03,NA,NA,4.5923548806703e-09
2017-09-04,NA,NA,4.5923548806703e-09
2017-09-05,NA,NA,4.5923548806703e-09
2017-09-06,NA,NA,2.24104091814782e-07
2017-09-07,NA,NA,4.5923548806703e-09
2017-09-08,NA,NA,4.5923548806703e-09
2017-09-09,NA,NA,4.5923548806703e-09
2017-09-10,NA,NA,4.5923548806703e-09
2017-09-11,NA,NA,4.5923548806703e-09
2017-09-12,NA,NA,1.04651046793613e-08
2017-09-13,NA,NA,5.21369939009383e-09
2017-09-14,NA,NA,4.5923548806703e-09
2017-09-15,NA,NA,4.5923548806703e-09
2017-09-16,NA,NA,4.5923548806703e-09
2017-09-17,NA,NA,4.5923548806703e-09
2017-09-18,NA,NA,4.5923548806703e-09
2017-09-19,NA,NA,4.5923548806703e-09
2017-09-20,NA,NA,4.5923548806703e-09
2017-09-21,NA,NA,4.5923548806703e-09
2017-09-22,NA,NA,1.98820665843249e-07
2017-09-23,NA,NA,1.16560058092678e-08
2017-09-24,NA,NA,4.5923548806703e-09
2017-09-25,NA,NA,4.5923548806703e-09
2017-09-26,NA,NA,2.58431524999653e-08
2017-09-27,NA,NA,3.21739368115584e-07
2017-09-28,NA,NA,4.6466055639713e-08
2017-09-29,NA,NA,6.04423485775835e-09
2017-09-30,NA,NA,1.8223255363796e-08
2017-10-01,NA,NA,5.74262766066046e-09
2017-10-02,NA,NA,6.35761773957375e-09
2017-10-03,NA,NA,4.94703460683864e-08
2017-10-04,NA,NA,5.69606268756045e-08
2017-10-05,NA,NA,1.88114708327159e-07
2017-10-06,NA,NA,4.38301028256614e-07
2017-10-07,NA,NA,1.49288853133178e-07
2017-10-08,NA,NA,9.60099644949571e-07
2017-10-09,NA,NA,0.000132999914204709
2017-10-10,NA,NA,7.32585329777938e-09
2017-10-11,NA,NA,4.17080156022575e-05
2017-10-12,NA,NA,4.5923548806703e-09
2017-10-13,NA,NA,5.17261976844222e-09
2017-10-14,NA,NA,1.18147998667229e-08
2017-10-15,NA,NA,4.5923548806703e-09
2017-10-16,NA,NA,NA
2017-10-17,NA,NA,NA
2017-10-18,NA,NA,NA
2017-10-19,NA,NA,NA
2017-10-20,NA,NA,NA
2017-10-21,NA,NA,NA
2017-10-22,NA,NA,NA
2017-10-23,NA,NA,NA
2017-10-24,NA,NA,NA
2017-10-25,NA,NA,NA
2017-10-26,NA,NA,NA
2017-10-27,NA,NA,NA
2017-10-28,NA,NA,NA
2017-10-29,NA,NA,NA
2017-10-30,NA,NA,NA
2017-10-31,NA,NA,NA
2017-11-01,NA,NA,NA
2017-11-02,NA,NA,NA
2017-11-03,NA,NA,NA
2017-11-04,NA,NA,NA
2017-11-05,NA,NA,NA
2017-11-06,NA,NA,NA
2017-11-07,NA,NA,NA
2017-11-08,NA,NA,NA
2017-11-09,NA,NA,NA
2017-11-10,NA,NA,NA
2017-11-11,NA,NA,NA
2017-11-12,NA,NA,NA
2017-11-13,NA,NA,0.000101437415705789
2017-11-14,NA,NA,0.000164276229126511
2017-11-15,NA,NA,0.000158525743356761
2017-11-16,NA,NA,0.000154966134466785
2017-11-17,NA,NA,0.000126172778665345
2017-11-18,NA,NA,0.000124626404335851
2017-11-19,NA,NA,0.000187001943129649
2017-11-20,NA,NA,0.000125142470788459
2017-11-21,NA,NA,0.000139229641413956
2017-11-22,NA,NA,0.000239953166580797
2017-11-23,NA,NA,0.000238981285618592
2017-11-24,NA,NA,0.00018399890221485
2017-11-25,NA,NA,0.000159006262033463
2017-11-26,NA,NA,0.000163613864737399
2017-11-27,NA,NA,0.000149278607800871
2017-11-28,NA,NA,0.00014349614226339
2017-11-29,NA,NA,0.000123314158277831
2017-11-30,NA,NA,8.93816109932729e-05
2017-12-01,NA,NA,0.000111083739995533
2017-12-02,NA,NA,4.96429231864654e-05
2017-12-03,NA,NA,5.69079863016639e-05
2017-12-04,NA,NA,3.96365640461087e-05
2017-12-05,NA,NA,3.29691334606393e-05
2017-12-06,NA,NA,3.70029587001829e-05
2017-12-07,NA,NA,1.79413548969159e-05
2017-12-08,NA,NA,2.55318237456936e-05
2017-12-09,NA,NA,2.98379477639747e-05
2017-12-10,NA,NA,1.04958501664844e-05
2017-12-11,NA,NA,8.30623350893105e-06
2017-12-12,NA,NA,2.73754634639073e-05
2017-12-13,NA,NA,6.40542744159955e-05
2017-12-14,NA,NA,1.85942102052325e-05
2017-12-15,NA,NA,2.05976558135927e-05
2017-12-16,NA,NA,1.1887946747038e-05
2017-12-17,NA,NA,1.22548231045561e-05
2017-12-18,NA,NA,4.14140471275456e-05
2017-12-19,NA,NA,6.23763622782743e-05
2017-12-20,NA,NA,2.40593525123416e-05
2017-12-21,NA,NA,2.40670008560971e-05
2017-12-22,NA,NA,2.31761820771395e-05
2017-12-23,NA,NA,5.6712912123741e-05
2017-12-24,NA,NA,2.4576285470482e-05
2017-12-25,NA,NA,1.91237232965941e-05
2017-12-26,NA,NA,1.48614712407838e-05
2017-12-27,NA,NA,2.02218024990042e-05
2017-12-28,NA,NA,2.91354146571705e-05
2017-12-29,NA,NA,5.17769858139279e-05
2017-12-30,NA,NA,1.34157358279679e-05
2017-12-31,NA,NA,0.000160128116750031
2018-01-01,NA,NA,0.000965849364983756
2018-01-02,NA,NA,0.00301315495547903
2018-01-03,NA,NA,6.69843912365251e-05
2018-01-04,NA,NA,0.00043212897218972
2018-01-05,NA,NA,0.00257147889472448
2018-01-06,NA,NA,0.000853409921512507
2018-01-07,NA,NA,0.00102068267161912
2018-01-08,NA,NA,0.000144442075422554
2018-01-09,NA,NA,3.51313934355489e-05
2018-01-10,NA,NA,2.39487449127738e-06
2018-01-11,NA,NA,8.55536664634609e-06
2018-01-12,NA,NA,0.000289369395370644
2018-01-13,NA,NA,0.000354378024481915
2018-01-14,NA,NA,8.53440069486472e-05
2018-01-15,NA,NA,0.000241673201511721
2018-01-16,NA,NA,2.68694169494448e-05
2018-01-17,NA,NA,8.22602051832192e-06
2018-01-18,NA,NA,0.000135371966743821
2018-01-19,NA,NA,3.98840284899473e-06
2018-01-20,NA,NA,4.12948703426412e-07
2018-01-21,NA,NA,4.99902441979336e-08
2018-01-22,NA,NA,2.05129027161053e-08
2018-01-23,NA,NA,2.46397986452683e-06
2018-01-24,NA,NA,4.62441115593519e-07
2018-01-25,NA,NA,1.18754740115029e-07
2018-01-26,NA,NA,2.99744929865225e-08
2018-01-27,NA,NA,4.5923548806703e-09
2018-01-28,NA,NA,5.70851970480732e-06
2018-01-29,NA,NA,4.00360329201082e-05
2018-01-30,NA,NA,1.6556872198208e-05
2018-01-31,NA,NA,8.08663744108994e-07
2018-02-01,NA,NA,1.11632544693167e-07
2018-02-02,NA,NA,1.4487647048246e-06
2018-02-03,NA,NA,1.25180675604134e-05
2018-02-04,NA,NA,0.000199731993450366
2018-02-05,NA,NA,6.85196302826739e-05
2018-02-06,NA,NA,8.49704964799872e-06
2018-02-07,NA,NA,0.000847704049304303
2018-02-08,NA,NA,0.000263646688861825
2018-02-09,NA,NA,2.59012326762885e-05
2018-02-10,NA,NA,0.000210381618444236
2018-02-11,NA,NA,0.00487723104687703
2018-02-12,NA,NA,0.000702938116155544
2018-02-13,NA,NA,0.000570624580295288
2018-02-14,NA,NA,3.73590254452066e-05
2018-02-15,NA,NA,1.41445898812687e-05
2018-02-16,NA,NA,5.30166176961364e-06
2018-02-17,NA,NA,7.01107431383097e-07
2018-02-18,NA,NA,2.05243355667968e-07
2018-02-19,NA,NA,2.18093661374936e-06
2018-02-20,NA,NA,1.94152473334327e-06
2018-02-21,NA,NA,4.37214315239807e-06
2018-02-22,NA,NA,1.36549491122489e-05
2018-02-23,NA,NA,2.36692339157824e-05
2018-02-24,NA,NA,5.89349730812063e-05
2018-02-25,NA,NA,0.000113125592898097
2018-02-26,NA,NA,0.000138714182821972
2018-02-27,NA,NA,0.000124212311576752
2018-02-28,NA,NA,0.000123712270867561
2018-03-01,NA,NA,0.000390672691890712
2018-03-02,NA,NA,0.000585536562948549
2018-03-03,NA,NA,0.000397585736132486
2018-03-04,NA,NA,0.000283105143776427
2018-03-05,NA,NA,0.000224265104455749
2018-03-06,NA,NA,0.000241601128653691
2018-03-07,NA,NA,0.0002591404042131
2018-03-08,NA,NA,0.0002435950055806
2018-03-09,NA,NA,0.00022730476130441
2018-03-10,NA,NA,0.000185146844863548
2018-03-11,NA,NA,0.000172440741295227
2018-03-12,NA,NA,0.000387793960916472
2018-03-13,NA,NA,0.000631799542111131
2018-03-14,NA,NA,0.000856393828854633
2018-03-15,NA,NA,0.000882844023397578
2018-03-16,NA,NA,0.000933378918548466
2018-03-17,NA,NA,0.000859922306729799
2018-03-18,NA,NA,0.00225964955633614
2018-03-19,NA,NA,0.0012845936593506
2018-03-20,NA,NA,0.00538441424826853
2018-03-21,NA,NA,0.00591829621189099
2018-03-22,NA,NA,0.00533053649916423
2018-03-23,NA,NA,0.00480054117843262
2018-03-24,NA,NA,0.00494684442034458
2018-03-25,NA,NA,0.00554858134057081
2018-03-26,NA,NA,0.00494231848202185
2018-03-27,NA,NA,0.005365064002183
2018-03-28,NA,NA,0.00549298578626953
2018-03-29,NA,NA,0.00510830924895718
2018-03-30,NA,NA,0.00558887032451548
2018-03-31,NA,NA,0.00455372172065947
2018-04-01,NA,NA,0.00416436246826415
2018-04-02,NA,NA,0.00387824514491664
2018-04-03,NA,NA,0.00372829117705992
2018-04-04,NA,NA,0.00366166090462732
2018-04-05,NA,NA,0.0033301910218491
2018-04-06,NA,NA,0.00299096728661878
2018-04-07,NA,NA,0.00290567683988642
2018-04-08,NA,NA,0.00266115068682227
2018-04-09,NA,NA,0.00237936657699859
2018-04-10,NA,NA,0.00218568511555968
2018-04-11,NA,NA,0.00186420764556273
2018-04-12,NA,NA,0.00170524132969002
2018-04-13,NA,NA,0.00155149327991357
2018-04-14,NA,NA,0.00139969340209591
2018-04-15,NA,NA,0.00361177449046961
2018-04-16,NA,NA,0.013503683331405
2018-04-17,NA,NA,0.00937773769449273
2018-04-18,NA,NA,0.00698085259390564
2018-04-19,NA,NA,0.0067642951507489
2018-04-20,NA,NA,0.00503502061048249
2018-04-21,NA,NA,0.00410979482503724
2018-04-22,NA,NA,0.0037138338209516
2018-04-23,NA,NA,0.00353656868228682
2018-04-24,NA,NA,0.0145414034069632
2018-04-25,NA,NA,0.0418879871329651
2018-04-26,NA,NA,0.0407150277927871
2018-04-27,NA,NA,0.0381842694769919
2018-04-28,NA,NA,0.035116806186381
2018-04-29,NA,NA,0.0309549213869958
2018-04-30,NA,NA,0.0256611499221392
2018-05-01,NA,NA,0.020806806921639
2018-05-02,NA,NA,0.0168604532409224
2018-05-03,NA,NA,0.0144595886728987
2018-05-04,NA,NA,0.0122437517726108
2018-05-05,NA,NA,0.00937171475193764
2018-05-06,NA,NA,0.00809110902771546
2018-05-07,NA,NA,0.00698603574980278
2018-05-08,NA,NA,0.00747468203539095
2018-05-09,NA,NA,0.00614510363605609
2018-05-10,NA,NA,0.00538554273004483
2018-05-11,NA,NA,0.00501092301182537
2018-05-12,NA,NA,0.00466780112962397
2018-05-13,NA,NA,0.00402930180260833
2018-05-14,NA,NA,0.00353896135817693
2018-05-15,NA,NA,0.00366256201066708
2018-05-16,NA,NA,0.0111193125789644
2018-05-17,NA,NA,0.0546791341151215
2018-05-18,NA,NA,0.0962000978604395
2018-05-19,NA,NA,0.0865919781198419
2018-05-20,NA,NA,0.0551541661292131
2018-05-21,NA,NA,0.047332213314852
2018-05-22,NA,NA,0.048557254639208
2018-05-23,NA,NA,0.0483549594013016
2018-05-24,NA,NA,0.0442548883012343
2018-05-25,NA,NA,0.0426526383196949
2018-05-26,NA,NA,0.0431430201390715
2018-05-27,NA,NA,0.0478873648001288
2018-05-28,NA,NA,0.0513571847565401
2018-05-29,NA,NA,0.0467428166343219
2018-05-30,NA,NA,0.0455457441172569
2018-05-31,NA,NA,0.0458305123376883
2018-06-01,NA,NA,0.0472676877090294
2018-06-02,NA,NA,0.0448517461245658
2018-06-03,NA,NA,0.043143748841906
2018-06-04,NA,NA,0.0411772302717046
2018-06-05,NA,NA,0.0404834291544839
2018-06-06,NA,NA,0.0401905203875559
2018-06-07,NA,NA,0.0393747429385682
2018-06-08,NA,NA,0.0397368839388554
2018-06-09,NA,NA,0.0394581688233486
2018-06-10,NA,NA,0.0243980152147387
2018-06-11,NA,NA,0.00131378021112699
2018-06-12,NA,NA,0.000684049536999623
2018-06-13,NA,NA,0.000539101178904893
2018-06-14,NA,NA,0.000658161906882154
2018-06-15,NA,NA,0.00149422531163273
2018-06-16,NA,NA,0.00222932219749482
2018-06-17,NA,NA,0.00225381839632595
2018-06-18,NA,NA,0.0308270088490412
2018-06-19,NA,NA,0.0388234520429644
2018-06-20,NA,NA,0.0361574266291324
2018-06-21,NA,NA,0.0327811014337985
2018-06-22,NA,NA,0.0335038842339846
2018-06-23,NA,NA,0.0225168896960728
2018-06-24,NA,NA,0.0147965517552917
2018-06-25,NA,NA,0.0121096098379149
2018-06-26,NA,NA,0.0118227357546457
2018-06-27,NA,NA,0.0090266075150346
2018-06-28,NA,NA,0.00626174301705127
2018-06-29,NA,NA,0.00433682969490232
2018-06-30,NA,NA,0.00320075889375928
2018-07-01,NA,NA,0.00221896351841621
2018-07-02,NA,NA,0.00137952911955812
2018-07-03,NA,NA,0.000867790822618817
2018-07-04,NA,NA,0.000450457333491012
2018-07-05,NA,NA,0.000154605874659757
2018-07-06,NA,NA,6.2312600579442e-05
2018-07-07,NA,NA,3.92637023534403e-05
2018-07-08,NA,NA,5.95736591274542e-06
2018-07-09,NA,NA,4.06590938176569e-06
2018-07-10,NA,NA,4.98092595620148e-06
2018-07-11,NA,NA,5.82646358405354e-06
2018-07-12,NA,NA,2.0617858225146e-06
2018-07-13,NA,NA,1.00356770831089e-06
2018-07-14,NA,NA,1.26009280925576e-06
2018-07-15,NA,NA,2.33195219297012e-06
2018-07-16,NA,NA,1.67605554099979e-06
2018-07-17,NA,NA,1.3825098301441e-05
2018-07-18,NA,NA,1.42495035389226e-06
2018-07-19,NA,NA,2.78781306942094e-07
2018-07-20,NA,NA,1.3310833972162e-07
2018-07-21,NA,NA,1.36108155908929e-07
2018-07-22,NA,NA,9.59062958804642e-06
2018-07-23,NA,NA,0.000106420794939579
2018-07-24,NA,NA,0.000227466730666423
2018-07-25,NA,NA,0.000478092451167152
2018-07-26,NA,NA,8.0691011188777e-05
2018-07-27,NA,NA,2.89535497548459e-05
2018-07-28,NA,NA,1.20448158975544e-05
2018-07-29,NA,NA,4.23735643228216e-06
2018-07-30,NA,NA,5.06099596494022e-06
2018-07-31,NA,NA,9.42254921423408e-06
2018-08-01,NA,NA,4.04397253081077e-05
2018-08-02,NA,NA,0.000895166783207673
2018-08-03,NA,NA,0.000452530705140773
2018-08-04,NA,NA,0.000137600577415034
2018-08-05,NA,NA,2.70729707982731e-05
2018-08-06,NA,NA,9.23516569944978e-06
2018-08-07,NA,NA,8.0950658582468e-06
2018-08-08,NA,NA,5.97140382955194e-06
2018-08-09,NA,NA,3.28772489940768e-06
2018-08-10,NA,NA,1.59401462601085e-06
2018-08-11,NA,NA,2.68496579137283e-06
2018-08-12,NA,NA,4.08999907821109e-06
2018-08-13,NA,NA,2.02928334906046e-06
2018-08-14,NA,NA,7.83527043481682e-07
2018-08-15,NA,NA,4.0731915010835e-07
2018-08-16,NA,NA,5.51634749974105e-07
2018-08-17,NA,NA,4.62429757722626e-07
2018-08-18,NA,NA,0.000184293697004807
2018-08-19,NA,NA,8.09872319931657e-06
2018-08-20,NA,NA,1.26492223808744e-06
2018-08-21,NA,NA,0.000167533188949027
2018-08-22,NA,NA,2.73179129108252e-05
2018-08-23,NA,NA,1.06896074943292e-06
2018-08-24,NA,NA,1.28335172702881e-07
2018-08-25,NA,NA,2.79617879815626e-07
2018-08-26,NA,NA,3.77116984534694e-07
2018-08-27,NA,NA,1.93870952112021e-06
2018-08-28,NA,NA,1.50271853907955e-06
2018-08-29,NA,NA,7.07173002084802e-07
2018-08-30,NA,NA,2.15656771459005e-05
2018-08-31,NA,NA,1.01747291830289e-06
2018-09-01,NA,NA,7.61539881521563e-07
2018-09-02,NA,NA,4.67081797885753e-07
2018-09-03,NA,NA,5.87832881533897e-07
2018-09-04,NA,NA,2.44284677809972e-07
2018-09-05,NA,NA,6.66670429145983e-08
2018-09-06,NA,NA,1.1655882470219e-07
2018-09-07,NA,NA,2.31298843153007e-08
2018-09-08,NA,NA,0.00017389381938951
2018-09-09,NA,NA,0.00169371207344774
2018-09-10,NA,NA,0.000332158567818524
2018-09-11,NA,NA,1.5232194377965e-05
2018-09-12,NA,NA,5.43780219306167e-05
2018-09-13,NA,NA,9.14361889599736e-06
2018-09-14,NA,NA,3.21530257436909e-06
2018-09-15,NA,NA,3.4877233686278e-06
2018-09-16,NA,NA,0.000345174167205619
2018-09-17,NA,NA,0.0146556290876023
2018-09-18,NA,NA,0.00071913860555175
2018-09-19,NA,NA,8.39417961048564e-05
2018-09-20,NA,NA,1.44223492753812e-05
2018-09-21,NA,NA,5.34658896584404e-06
2018-09-22,NA,NA,0.00106625313700652
2018-09-23,NA,NA,0.0217543055742575
2018-09-24,NA,NA,0.00151265190104681
2018-09-25,NA,NA,0.000414488514872746
2018-09-26,NA,NA,0.000220925016660264
2018-09-27,NA,NA,0.000781691748435145
2018-09-28,NA,NA,0.00220233876803429
2018-09-29,NA,NA,0.00136102948236881
2018-09-30,NA,NA,0.000736972217949649
2018-10-01,NA,NA,0.000576774690808138
2018-10-02,NA,NA,0.000441759873619239
2018-10-03,NA,NA,0.000343230026699974
2018-10-04,NA,NA,0.000224533469947284
2018-10-05,NA,NA,0.000105509111039799
2018-10-06,NA,NA,6.22808976962467e-05
2018-10-07,NA,NA,5.34842445958671e-05
2018-10-08,NA,NA,2.66865653698883e-05
2018-10-09,NA,NA,3.24074742204185e-05
2018-10-10,NA,NA,0.000198175765844961
2018-10-11,NA,NA,0.0636158903869915
2018-10-12,NA,NA,0.0541095611523319
2018-10-13,NA,NA,0.0339712084935129
2018-10-14,NA,NA,0.0309566855626676
2018-10-15,NA,NA,0.0346296665166938
2018-10-16,NA,NA,0.037048312645435
2018-10-17,NA,NA,0.0307822850900689
2018-10-18,NA,NA,0.0225117409139918
2018-10-19,NA,NA,0.0150411789792526
2018-10-20,NA,NA,0.0114701567279481
2018-10-21,NA,NA,0.0084273310555188
2018-10-22,NA,NA,0.00574330860735756
2018-10-23,NA,NA,0.00494469144492861
2018-10-24,NA,NA,0.00390861090661904
2018-10-25,NA,NA,0.00324506701782573
2018-10-26,NA,NA,0.00489238648582118
2018-10-27,NA,NA,0.00636846368566785
2018-10-28,NA,NA,0.00448502594214672
2018-10-29,NA,NA,0.00366878173862422
2018-10-30,NA,NA,0.00305904875714863
2018-10-31,NA,NA,0.00253395127229084
2018-11-01,NA,NA,0.0020060198310872
2018-11-02,NA,NA,0.00284128704655411
2018-11-03,NA,NA,0.00279645635892257
2018-11-04,NA,NA,0.00200855799732239
2018-11-05,NA,NA,0.00192024675962637
2018-11-06,NA,NA,0.00218068181581364
2018-11-07,NA,NA,0.00201152249692505
2018-11-08,NA,NA,0.00142300152592011
2018-11-09,NA,NA,0.00141015358551815
2018-11-10,NA,NA,0.00129220100656998
2018-11-11,NA,NA,0.00093296679888266
2018-11-12,NA,NA,0.00203037621520185
2018-11-13,NA,NA,0.00821094509888313
2018-11-14,NA,NA,0.00572501458759427
2018-11-15,NA,NA,0.0243338105787121
2018-11-16,NA,NA,0.0385491335537409
2018-11-17,NA,NA,0.0312836134995463
2018-11-18,NA,NA,0.0275009693978262
2018-11-19,NA,NA,0.0268157204583811
2018-11-20,NA,NA,0.0228559127145898
2018-11-21,NA,NA,0.0175506186911843
2018-11-22,NA,NA,0.0140857440708382
2018-11-23,NA,NA,0.0108688410933558
2018-11-24,NA,NA,0.0188450331822152
2018-11-25,NA,NA,0.0210750871088883
2018-11-26,NA,NA,0.0179442092784898
2018-11-27,NA,NA,0.0164244029600369
2018-11-28,NA,NA,0.0140417707152151
2018-11-29,NA,NA,0.0118400000558538
2018-11-30,NA,NA,0.010782237738129
2018-12-01,NA,NA,0.0103684143143271
2018-12-02,NA,NA,0.00889617268089052
2018-12-03,NA,NA,0.00879924497531378
2018-12-04,NA,NA,0.00732109276895193
2018-12-05,NA,NA,0.00659641458271545
2018-12-06,NA,NA,0.00562996230926978
2018-12-07,NA,NA,0.00500380079697632
2018-12-08,NA,NA,0.00441063074563883
2018-12-09,NA,NA,0.00613991542600516
2018-12-10,NA,NA,0.00678147241919241
2018-12-11,NA,NA,0.0061860372268137
2018-12-12,NA,NA,0.0053276751889256
2018-12-13,NA,NA,0.00514223353056543
2018-12-14,NA,NA,0.00869286848693716
2018-12-15,NA,NA,0.0324514003471976
2018-12-16,NA,NA,0.0449346420897047
2018-12-17,NA,NA,0.0443152296046634
2018-12-18,NA,NA,0.0445784139651048
2018-12-19,NA,NA,0.0408238283284878
2018-12-20,NA,NA,0.0504620101268404
2018-12-21,NA,NA,0.0701792915068003
2018-12-22,NA,NA,0.056414874038458
2018-12-23,NA,NA,0.0490667375028021
2018-12-24,NA,NA,0.0460061176171839
2018-12-25,NA,NA,0.0438126812152979
2018-12-26,NA,NA,0.0419665067263509
2018-12-27,NA,NA,0.0405372712268002
2018-12-28,NA,NA,0.0571453629786152
2018-12-29,NA,NA,0.0528415614288889
2018-12-30,NA,NA,0.0466365816520955
2018-12-31,NA,NA,0.0415852033094651
2019-01-01,NA,NA,0.0402225246821043
2019-01-02,NA,NA,0.0387631737852169
2019-01-03,NA,NA,0.0393030330195886
2019-01-04,NA,NA,0.0390072013731369
2019-01-05,NA,NA,0.0389783737000296
2019-01-06,NA,NA,0.037130665307861
2019-01-07,NA,NA,0.0365810603087579
2019-01-08,NA,NA,0.0365486609993301
2019-01-09,NA,NA,0.0374184220517113
2019-01-10,NA,NA,0.0426394333580504
2019-01-11,NA,NA,0.0393389427091221
2019-01-12,NA,NA,0.0363021258697515
2019-01-13,NA,NA,0.0364736188265807
2019-01-14,NA,NA,0.0315171690793609
2019-01-15,NA,NA,0.0324052996665471
2019-01-16,NA,NA,0.0302198478960678
2019-01-17,NA,NA,0.026877241951534
2019-01-18,NA,NA,0.0248893076160189
2019-01-19,NA,NA,0.0240298266584859
2019-01-20,NA,NA,0.0395636917353672
2019-01-21,NA,NA,0.0376606217960027
2019-01-22,NA,NA,0.0292451557778784
2019-01-23,NA,NA,0.0250179591413128
2019-01-24,NA,NA,0.0343774532115528
2019-01-25,NA,NA,0.0375541591192184
2019-01-26,NA,NA,0.0349659347813819
2019-01-27,NA,NA,0.029834802153801
2019-01-28,NA,NA,0.0251372854456467
2019-01-29,NA,NA,0.02315715060178
2019-01-30,NA,NA,0.0220759476648034
2019-01-31,NA,NA,0.0200286921231468
2019-02-01,NA,NA,0.0179612948023303
2019-02-02,NA,NA,0.0172551850622897
2019-02-03,NA,NA,0.016573046255636
2019-02-04,NA,NA,0.0157237071685091
2019-02-05,NA,NA,0.0146330668369402
2019-02-06,NA,NA,0.0134586023639363
2019-02-07,NA,NA,0.0137338543669844
2019-02-08,200,0.03084576,0.0126139174259182
2019-02-09,NA,NA,0.0107313838744076
2019-02-10,NA,NA,0.00942083708783312
2019-02-11,NA,NA,0.0103753264470135
2019-02-12,NA,NA,0.0153637853453201
2019-02-13,NA,NA,0.016951287027057
2019-02-14,NA,NA,0.0143985369046971
2019-02-15,NA,NA,0.013110542003546
2019-02-16,NA,NA,0.015369693678075
2019-02-17,NA,NA,0.0174656732627421
2019-02-18,NA,NA,0.0256186487948726
2019-02-19,NA,NA,0.0231112570943411
2019-02-20,NA,NA,0.0349952737966337
2019-02-21,NA,NA,0.055844704707637
2019-02-22,NA,NA,0.0685748928427068
2019-02-23,NA,NA,0.0900271561751307
2019-02-24,NA,NA,0.0775458187796075
2019-02-25,NA,NA,0.05775489831367
2019-02-26,NA,NA,0.0528687374059153
2019-02-27,NA,NA,0.0481128762936259
2019-02-28,NA,NA,0.0431589859451677
2019-03-01,NA,NA,0.0427814441367063
2019-03-02,NA,NA,0.0438923823616879
2019-03-03,NA,NA,0.0430680664331445
2019-03-04,NA,NA,0.0473447732301201
2019-03-05,NA,NA,0.044344678633006
2019-03-06,NA,NA,0.0431617977607753
2019-03-07,NA,NA,0.0398676863215064
2019-03-08,NA,NA,0.0390254877080004
2019-03-09,NA,NA,0.039654393300427
2019-03-10,NA,NA,0.0379790358139302
2019-03-11,NA,NA,0.0417094204906422
2019-03-12,NA,NA,0.0402310676073245
2019-03-13,NA,NA,0.0394832350004274
2019-03-14,NA,NA,0.0395769797295308
2019-03-15,NA,NA,0.0407367903981097
2019-03-16,NA,NA,0.0410518703635813
2019-03-17,NA,NA,0.0405445928143817
2019-03-18,200,0.03343656,0.0410308938341592
2019-03-19,NA,NA,0.0404616674878602
2019-03-20,NA,NA,0.0399819176164023
2019-03-21,NA,NA,0.0405244214760719
2019-03-22,NA,NA,0.0399263053298658
2019-03-23,NA,NA,0.0353627046148874
2019-03-24,NA,NA,0.0357329583032658
2019-03-25,NA,NA,0.0341037546252475
2019-03-26,NA,NA,0.0326122192024563
2019-03-27,NA,NA,0.0299973789364551
2019-03-28,NA,NA,0.0296527298140279
2019-03-29,NA,NA,0.030471902059862
2019-03-30,NA,NA,0.0308446387872506
2019-03-31,NA,NA,0.0319318369484254
2019-04-01,200,0.02426208,0.034888290236243
2019-04-02,NA,NA,0.0347650960886815
2019-04-03,NA,NA,0.0313295365858848
2019-04-04,NA,NA,0.0255083834310378
2019-04-05,NA,NA,0.0233125249499339
2019-04-06,NA,NA,0.0227548742722952
2019-04-07,NA,NA,0.0196421755927364
2019-04-08,NA,NA,0.0250436279216316
2019-04-09,NA,NA,0.0300976191808035
2019-04-10,NA,NA,0.0242844526836456
2019-04-11,NA,NA,0.0203884566726214
2019-04-12,NA,NA,0.0211129461494128
2019-04-13,NA,NA,0.0277859071926929
2019-04-14,NA,NA,0.0717311267164364
2019-04-15,200,0.15718536,0.101392042288837
2019-04-16,NA,NA,0.0535555400055953
2019-04-17,NA,NA,0.0489023468368173
2019-04-18,NA,NA,0.0468769816966743
2019-04-19,NA,NA,0.051733966883196
2019-04-20,NA,NA,0.0536489772399246
2019-04-21,NA,NA,0.0471323965481242
2019-04-22,200,0.076788264,0.0467641088417209
2019-04-23,NA,NA,0.047904985674085
2019-04-24,NA,NA,0.0469318708152444
2019-04-25,NA,NA,0.0454023221383538
2019-04-26,NA,NA,0.046633177343469
2019-04-27,NA,NA,0.0451174286321003
2019-04-28,NA,NA,0.0462418400347601
2019-04-29,200,0.03681984,0.0441059736905336
2019-04-30,NA,NA,0.0450898023626336
2019-05-01,NA,NA,0.0451770216514921
2019-05-02,NA,NA,0.0445243843541165
2019-05-03,NA,NA,0.0437488610552001
2019-05-04,NA,NA,0.0425091529977372
2019-05-05,NA,NA,0.0407561796606427
2019-05-06,200,0.0292608,0.0381810770729803
2019-05-07,NA,NA,0.0342832664548709
2019-05-08,NA,NA,0.0301105523323124
2019-05-09,NA,NA,0.0259210370245247
2019-05-10,NA,NA,0.0215086099678437
2019-05-11,NA,NA,0.020086092624235
2019-05-12,NA,NA,0.0235303447209484
2019-05-13,200,0.00042672,0.023190890155672
2019-05-14,NA,NA,0.0191554543570202
2019-05-15,NA,NA,0.0152701598680954
2019-05-16,NA,NA,0.0125750949639909
2019-05-17,NA,NA,0.0105646262732095
2019-05-18,NA,NA,0.00889708988876042
2019-05-19,NA,NA,0.00755986878212809
2019-05-20,200,0.006545,0.00647622229620228
2019-05-21,NA,NA,0.00533589656563093
2019-05-22,NA,NA,0.00449547433538855
2019-05-23,NA,NA,0.00438519622704151
2019-05-24,NA,NA,0.00402291310427595
2019-05-25,NA,NA,0.00401979344149578
2019-05-26,NA,NA,0.00452529106434279
2019-05-27,200,0.00577,0.00501093775202574
2019-05-28,NA,NA,0.00421564385482575
2019-05-29,NA,NA,0.00386228017782692
2019-05-30,NA,NA,0.00366351403838484
2019-05-31,NA,NA,0.00361312431324068
2019-06-01,NA,NA,0.0035913700379463
2019-06-02,NA,NA,0.00295889450909415
2019-06-03,NA,NA,NA
2019-06-04,NA,NA,NA
2019-06-05,NA,NA,NA
2019-06-06,NA,NA,NA
2019-06-07,NA,NA,0.00856737707098634
2019-06-08,NA,NA,0.0248917582309414
2019-06-09,NA,NA,0.0245918186918939
2019-06-10,200,0.02725,0.0293025998200795
2019-06-11,NA,NA,0.0360552171145668
2019-06-12,NA,NA,0.0269902981275753
2019-06-13,NA,NA,0.0232770759852235
2019-06-14,NA,NA,0.0165291173404384
2019-06-15,NA,NA,0.0130919085510861
2019-06-16,NA,NA,0.0119402691215223
2019-06-17,200,0.01805,0.0118028807401697
2019-06-18,NA,NA,0.0104153565876096
2019-06-19,NA,NA,0.0096505017683964
2019-06-20,NA,NA,0.00905261802959851
2019-06-21,NA,NA,0.00716485288097065
2019-06-22,NA,NA,0.00599433001949979
2019-06-23,NA,NA,0.00519804282868082
2019-06-24,200,0.01835,0.0055390504464751
2019-06-25,NA,NA,0.00708667985183665
2019-06-26,NA,NA,0.00542572094617473
2019-06-27,200,0.01105,0.00412023529271757
2019-06-28,NA,NA,0.00582953121789438
2019-06-29,NA,NA,0.00294909509952421
2019-06-30,NA,NA,0.000991617651990883
2019-07-01,200,0.0089,0.000753178707158037
2019-07-02,NA,NA,0.0019929150392796
2019-07-03,NA,NA,0.00169434943827981
2019-07-04,NA,NA,0.00154310839604073
2019-07-05,NA,NA,0.00136485027022085
2019-07-06,NA,NA,0.00100701926620443
2019-07-07,NA,NA,0.000762148459387967
2019-07-08,200,0.009225,0.000732070790677925
2019-07-09,NA,NA,0.000707824177262056
2019-07-10,NA,NA,0.000512718978672265
2019-07-11,NA,NA,0.00062391041397009
2019-07-12,NA,NA,0.000541247406148587
2019-07-13,NA,NA,0.000480784063881894
2019-07-14,NA,NA,0.000406451516178554
2019-07-15,200,0.01135,0.000506640314877763
2019-07-16,NA,NA,0.000463081150457772
2019-07-17,NA,NA,0.000505588426983856
2019-07-18,200,0.00595,0.000554407755412955
2019-07-19,NA,NA,0.000447613517678083
2019-07-20,NA,NA,0.000426924307132339
2019-07-21,NA,NA,0.000684386070387473
2019-07-22,200,0.00635,0.000767479998201142
2019-07-23,NA,NA,0.00202200963990806
2019-07-24,NA,NA,0.00109741692525587
2019-07-25,NA,NA,0.000814979433616782
2019-07-26,NA,NA,0.000766175735097044
2019-07-27,NA,NA,0.000724101491577369
2019-07-28,NA,NA,0.000716340431146612
2019-07-29,200,0.0089,0.00064522913908737
2019-07-30,NA,NA,0.000847151170987917
2019-07-31,NA,NA,0.00198917947317803
2019-08-01,NA,NA,0.00138308499141675
2019-08-02,NA,NA,0.00117999564084329
2019-08-03,NA,NA,0.000689635457249846
2019-08-04,NA,NA,0.000568176861769963
2019-08-05,200,0.0054,0.000499924358597231
2019-08-06,NA,NA,0.013054157504224
2019-08-07,NA,NA,0.00585854077552547
2019-08-08,NA,NA,0.00453431195302938
2019-08-09,NA,NA,0.00358585899437437
2019-08-10,NA,NA,0.00263993525498767
2019-08-11,NA,NA,0.00201721525343149
2019-08-12,200,0.0027,0.00123139696285826
2019-08-13,NA,NA,0.000779394747271899
2019-08-14,NA,NA,0.00054404537038993
2019-08-15,NA,NA,0.000875280757282871
2019-08-16,NA,NA,0.000988391169729811
2019-08-17,NA,NA,0.000758255670861361
2019-08-18,NA,NA,0.000537538353581531
2019-08-19,200,0.0068,0.000451174206366691
2019-08-20,NA,NA,0.000412456293867975
2019-08-21,NA,NA,0.00037405214159939
2019-08-22,200,0.01161,0.000378571762448547
2019-08-23,NA,NA,0.00110007602602299
2019-08-24,NA,NA,0.00110670685626379
2019-08-25,NA,NA,0.000596093836200972
2019-08-26,NA,NA,0.000499630303900787
2019-08-27,NA,NA,0.000580614167201711
2019-08-28,NA,NA,0.000481416209125954
2019-08-29,NA,NA,0.000536500231601408
2019-08-30,NA,NA,0.000487795213345566
2019-08-31,NA,NA,0.000479101083671358
2019-09-01,NA,NA,0.000522944353335319
2019-09-02,200,0.00594,0.00045272689865018
2019-09-03,NA,NA,0.00037845076268921
2019-09-04,NA,NA,0.000373533689552617
2019-09-05,NA,NA,0.000370729197623103
2019-09-06,NA,NA,0.000387014102792792
2019-09-07,NA,NA,0.000373302066296353
2019-09-08,NA,NA,0.000392116395053666
2019-09-09,NA,NA,0.000359117013887364
2019-09-10,NA,NA,0.000387511235813389
2019-09-11,NA,NA,0.000412492395576919
2019-09-12,NA,NA,0.000517659284598814
2019-09-13,NA,NA,0.000437894098130573
2019-09-14,NA,NA,0.000502937319300382
2019-09-15,NA,NA,0.000448361548798812
2019-09-16,NA,NA,0.00039768634697812
2019-09-17,NA,NA,0.000373334631228178
2019-09-18,NA,NA,0.000361562326922944
2019-09-19,NA,NA,0.000373609229729506
2019-09-20,NA,NA,0.000378729193359353
2019-09-21,NA,NA,0.00035561365221524
2019-09-22,NA,NA,0.000350826795287097
2019-09-23,NA,NA,0.00032184097722629
2019-09-24,NA,NA,0.000324348208966007
2019-09-25,NA,NA,0.000341299654022879
2019-09-26,NA,NA,0.000324495072871508
2019-09-27,NA,NA,0.00033617121714567
2019-09-28,NA,NA,0.000358520963794568
2019-09-29,NA,NA,0.000347852927251483
2019-09-30,NA,NA,0.000326251350657436
2019-10-01,NA,NA,0.000336601682227198
2019-10-02,NA,NA,0.000311620728609825
2019-10-03,NA,NA,0.000300195585519661
2019-10-04,200,1e-10,0.000277105198193973
2019-10-05,NA,NA,0.000309117130900631
2019-10-06,NA,NA,0.000487313340494801
2019-10-07,NA,NA,0.000381242410029664
2019-10-08,NA,NA,0.000545914012306776
2019-10-09,NA,NA,0.000433677339932999
2019-10-10,NA,NA,0.000389029843501557
2019-10-11,NA,NA,0.000390591506590172
2019-10-12,NA,NA,0.000369268929349585
2019-10-13,NA,NA,0.000363955178385421
2019-10-14,NA,NA,0.000367962539229496
2019-10-15,NA,NA,0.0003358266973519
2019-10-16,NA,NA,0.00102827468181562
2019-10-17,NA,NA,0.000488491599194294
2019-10-18,NA,NA,0.00041070983522586
2019-10-19,NA,NA,0.000402565326569147
2019-10-20,NA,NA,0.00312875704876334
2019-10-21,NA,NA,0.000596846637161997
2019-10-22,NA,NA,0.00131845809956202
2019-10-23,NA,NA,0.000689590299356462
2019-10-24,NA,NA,0.000520579262241687
2019-10-25,NA,NA,0.000480062918090147
2019-10-26,NA,NA,0.000475108655295721
2019-10-27,NA,NA,0.00257736680559455
2019-10-28,NA,NA,0.000769577547270231
2019-10-29,NA,NA,0.000580421426485798
2019-10-30,200,1e-10,0.000910592946423482
2019-10-31,NA,NA,0.0036197556633547
2019-11-01,NA,NA,0.0022684618810632
2019-11-02,NA,NA,0.000966419045609102
2019-11-03,NA,NA,0.000745703416191838
2019-11-04,NA,NA,0.000675880142202264
2019-11-05,NA,NA,0.000611331834454535
2019-11-06,NA,NA,0.000575290714574163
2019-11-07,NA,NA,0.000577486801080989
2019-11-08,NA,NA,0.0005994254134937
2019-11-09,NA,NA,0.000580078336434862
2019-11-10,NA,NA,0.000559829056413434
2019-11-11,NA,NA,0.000536956002170913
2019-11-12,NA,NA,0.0006407110610916
2019-11-13,NA,NA,0.000593008854576488
2019-11-14,NA,NA,0.000565707097443091
2019-11-15,NA,NA,0.000563221645841242
2019-11-16,NA,NA,0.000571062164035836
2019-11-17,NA,NA,0.000580577697629412
2019-11-18,NA,NA,0.000669827492745618
2019-11-19,NA,NA,0.000617729741042972
2019-11-20,NA,NA,0.000577070384705636
2019-11-21,NA,NA,0.000543845909264113
2019-11-22,NA,NA,0.000565565621252696
2019-11-23,NA,NA,0.000769557870692921
2019-11-24,NA,NA,0.000891224492717219
2019-11-25,NA,NA,0.00065005643011906
2019-11-26,NA,NA,0.000584590742815089
2019-11-27,NA,NA,0.000731272431422321
2019-11-28,NA,NA,0.000685513130658152
2019-11-29,NA,NA,0.000616430823848861
2019-11-30,NA,NA,0.000830003965406085
2019-12-01,NA,NA,0.00474197192012437
2019-12-02,NA,NA,0.00201757231556258
2019-12-03,NA,NA,0.00120062252920362
2019-12-04,NA,NA,0.000863695318871243
2019-12-05,NA,NA,0.00188862804528985
2019-12-06,NA,NA,0.00151031458784931
2019-12-07,NA,NA,0.000649594385532791
2019-12-08,NA,NA,0.000630628670616155
2019-12-09,NA,NA,0.00113697862360843
2019-12-10,NA,NA,0.00100588508002548
2019-12-11,NA,NA,0.00100541853902225
2019-12-12,NA,NA,0.000839349134535705
2019-12-13,NA,NA,0.00122094473471312
2019-12-14,NA,NA,0.00309532572472468
2019-12-15,NA,NA,0.00199239707453173
2019-12-16,NA,NA,0.00127584990095862
2019-12-17,NA,NA,0.00109973617482785
2019-12-18,NA,NA,0.00092583140218913
2019-12-19,NA,NA,0.000814218702427492
2019-12-20,NA,NA,0.000730403289899419
2019-12-21,NA,NA,0.000691866905450705
2019-12-22,NA,NA,0.000661392296193754
2019-12-23,NA,NA,0.000642634657629863
2019-12-24,NA,NA,0.000655683721440156
2019-12-25,NA,NA,0.000629324146826497
2019-12-26,NA,NA,0.000630710424192282
2019-12-27,NA,NA,0.000579732438713025
2019-12-28,NA,NA,0.000571805862650973
2019-12-29,NA,NA,0.000604413553879517
2019-12-30,NA,NA,0.000704393358698312
2019-12-31,NA,NA,0.00061864545749708
2020-01-01,NA,NA,0.00059284418342491
2020-01-02,NA,NA,0.000547929404281641
2020-01-03,NA,NA,0.000727853992402357
2020-01-04,NA,NA,0.000856298419749567
2020-01-05,NA,NA,0.000771720673514589
2020-01-06,NA,NA,0.000659791445802572
2020-01-07,NA,NA,0.000704146198610947
2020-01-08,NA,NA,0.000660074264690138
2020-01-09,NA,NA,0.000619123735854227
2020-01-10,NA,NA,0.000581407512562272
2020-01-11,NA,NA,0.00121269890640536
2020-01-12,NA,NA,0.00703871820865432
2020-01-13,NA,NA,0.00218618837454973
2020-01-14,NA,NA,0.00136495673716865
2020-01-15,NA,NA,0.00103568359972165
2020-01-16,NA,NA,0.000911696823873748
2020-01-17,NA,NA,0.000830595663392371
2020-01-18,NA,NA,0.000828696335198586
2020-01-19,NA,NA,0.000988421956850084
2020-01-20,NA,NA,0.00113131210493997
2020-01-21,NA,NA,0.00115730915640843
2020-01-22,NA,NA,0.00100299696438739
2020-01-23,NA,NA,0.000949534587627632
2020-01-24,NA,NA,0.00235257386035451
2020-01-25,NA,NA,0.00493259855828555
2020-01-26,NA,NA,0.00226469376042983
2020-01-27,NA,NA,0.00146872721489193
2020-01-28,NA,NA,0.00117297761332676
2020-01-29,NA,NA,0.000983800932275437
2020-01-30,NA,NA,0.000876420029352376
2020-01-31,NA,NA,0.00082895624623838
2020-02-01,NA,NA,0.000792519069220981
2020-02-02,NA,NA,0.000743051029212233
2020-02-03,NA,NA,0.00069445697972267
2020-02-04,NA,NA,0.000683616424893517
2020-02-05,NA,NA,0.000945348319359976
2020-02-06,NA,NA,0.013142446426784
2020-02-07,NA,NA,0.0156718073502577
2020-02-08,NA,NA,0.00538715764870273
2020-02-09,NA,NA,0.00287542526689682
2020-02-10,NA,NA,0.00233893112809718
2020-02-11,NA,NA,0.00246514437334143
2020-02-12,NA,NA,0.00236610237646372
2020-02-13,NA,NA,0.00371251014038665
2020-02-14,NA,NA,0.00337194508541449
2020-02-15,NA,NA,0.00254343678342194
2020-02-16,NA,NA,0.00206553655839333
2020-02-17,NA,NA,0.00175676822431299
2020-02-18,NA,NA,0.00159350844562991
2020-02-19,NA,NA,0.00150759906922326
2020-02-20,NA,NA,0.00123666760309771
2020-02-21,NA,NA,0.00118704891411054
2020-02-22,NA,NA,0.00112787663940069
2020-02-23,NA,NA,0.00107380700300256
2020-02-24,NA,NA,0.00108340416194563
2020-02-25,NA,NA,0.00124763978113164
2020-02-26,NA,NA,0.00118394231245729
2020-02-27,NA,NA,0.00115941523874706
2020-02-28,NA,NA,0.00105768094975273
2020-02-29,NA,NA,0.00105428757436513
2020-03-01,NA,NA,0.000963396919905673
2020-03-02,NA,NA,0.000937401969830453
2020-03-03,NA,NA,0.00101882644050867
2020-03-04,NA,NA,0.000918018484682364
2020-03-05,NA,NA,0.000910654785019203
2020-03-06,NA,NA,0.00098374106399121
2020-03-07,NA,NA,0.000927917984587999
2020-03-08,NA,NA,0.000847868199868645
2020-03-09,NA,NA,0.000843721447909737
2020-03-10,NA,NA,0.000873956189643546
2020-03-11,NA,NA,0.000876864526056259
2020-03-12,NA,NA,0.000850879846146384
2020-03-13,NA,NA,0.00150319570756614
2020-03-14,NA,NA,0.00103487277320014
2020-03-15,NA,NA,0.00115514818960411
2020-03-16,NA,NA,0.00104301595613566
2020-03-17,NA,NA,0.00103045319641822
2020-03-18,NA,NA,0.0010048547887873
2020-03-19,NA,NA,0.00115010681035081
2020-03-20,NA,NA,0.00112636828099231
2020-03-21,NA,NA,0.00115980482139942
2020-03-22,NA,NA,0.000986699017492038
2020-03-23,NA,NA,0.00143952724322377
2020-03-24,NA,NA,0.00130559128719275
2020-03-25,NA,NA,0.00574031770103623
2020-03-26,NA,NA,0.00324910010636451
2020-03-27,NA,NA,0.00224403083300993
2020-03-28,NA,NA,0.00165935439814174
2020-03-29,NA,NA,0.00144641307826697
2020-03-30,200,0.01949,0.00121394303009135
2020-03-31,NA,NA,0.00201027162380023
2020-04-01,NA,NA,0.00230040666969332
2020-04-02,NA,NA,0.00185695760246082
2020-04-03,NA,NA,0.00160288771735329
2020-04-04,NA,NA,0.0014431819940651
2020-04-05,NA,NA,0.00132179415717477
2020-04-06,NA,NA,0.00129289564556723
2020-04-07,NA,NA,0.00125455862360982
2020-04-08,NA,NA,0.00127265264061233
2020-04-09,NA,NA,0.00122287006391744
2020-04-10,NA,NA,0.00113144468117824
2020-04-11,NA,NA,0.00104135866905937
2020-04-12,NA,NA,0.00136509795448942
2020-04-13,NA,NA,0.0677324205307349
2020-04-14,NA,NA,0.0493603147602749
2020-04-15,NA,NA,0.0479176514794603
2020-04-16,NA,NA,0.0432465023274474
2020-04-17,NA,NA,0.0381948587250937
2020-04-18,NA,NA,0.0354030333157402
2020-04-19,NA,NA,0.0291727926395487
2020-04-20,NA,NA,0.0274310122625069
2020-04-21,NA,NA,0.0237382619306189
2020-04-22,NA,NA,0.0187466360375715
2020-04-23,NA,NA,0.0164108330207315
2020-04-24,NA,NA,0.0187411422935578
2020-04-25,NA,NA,0.0175296529460759
2020-04-26,NA,NA,0.0265243271385471
2020-04-27,NA,NA,0.0250655960045487
2020-04-28,NA,NA,0.0207122950842559
2020-04-29,NA,NA,0.0191049705302341
2020-04-30,NA,NA,0.0720127523441376
2020-05-01,NA,NA,0.0578889607936638
2020-05-02,NA,NA,0.0517267677700093
2020-05-03,NA,NA,0.0497061974782758
2020-05-04,NA,NA,0.0479651606567843
2020-05-05,NA,NA,0.0428230409966615
2020-05-06,NA,NA,0.0399998380653742
2020-05-07,NA,NA,0.0335634741438804
2020-05-08,NA,NA,0.0276430712828932
2020-05-09,NA,NA,0.0226313097759095
2020-05-10,NA,NA,0.0183042862338583
2020-05-11,NA,NA,0.0160496751219653
2020-05-12,NA,NA,0.0131489601961399
2020-05-13,NA,NA,0.0109074567756872
2020-05-14,NA,NA,0.0116525993210702
2020-05-15,NA,NA,0.0116660198708051
2020-05-16,NA,NA,0.00973478924683396
2020-05-17,NA,NA,0.00857575975582501
2020-05-18,NA,NA,0.00906950246951171
2020-05-19,NA,NA,0.0511164351370112
2020-05-20,NA,NA,0.0888615221173569
2020-05-21,NA,NA,0.107260821766163
2020-05-22,NA,NA,0.0951318263037181
2020-05-23,NA,NA,0.0730802774396586
2020-05-24,NA,NA,0.0687993552529945
2020-05-25,200,0.074055,0.066759529563668
2020-05-26,NA,NA,0.0623792315037206
2020-05-27,NA,NA,0.0608024291030119
2020-05-28,NA,NA,0.0637875264201245
2020-05-29,NA,NA,0.0610946416242492
2020-05-30,NA,NA,0.0582380410405907
2020-05-31,NA,NA,0.0556218819709114
2020-06-01,NA,NA,0.0519192818984089
2020-06-02,NA,NA,0.0510503769585541
2020-06-03,NA,NA,0.0501235337729332
2020-06-04,NA,NA,0.050701896578155
2020-06-05,NA,NA,0.050956179374408
2020-06-06,NA,NA,0.0492214537349433
2020-06-07,NA,NA,0.0476545474306163
2020-06-08,NA,NA,0.0469718977938555
2020-06-09,NA,NA,0.0469663281121276
2020-06-10,NA,NA,0.0471919430813491
2020-06-11,NA,NA,0.0471712983542925
2020-06-12,NA,NA,0.0464063065730178
2020-06-13,NA,NA,0.0459829255624727
2020-06-14,NA,NA,0.0503390495407736
2020-06-15,NA,NA,0.0523889889045034
2020-06-16,NA,NA,0.0529028334294642
2020-06-17,NA,NA,0.115086818738711
2020-06-18,NA,NA,0.0775941845268775
2020-06-19,NA,NA,0.0651904271644171
2020-06-20,NA,NA,0.0605803779989753
2020-06-21,NA,NA,0.0572819541108382
2020-06-22,200,0.0481,0.0551953300772921
2020-06-23,NA,NA,0.0545247679026035
2020-06-24,NA,NA,0.0530389808260916
2020-06-25,NA,NA,0.0511908763682466
2020-06-26,NA,NA,0.0507288876737924
2020-06-27,NA,NA,0.0498720025005111
2020-06-28,NA,NA,0.0496144784682845
2020-06-29,NA,NA,0.0487671118055109
2020-06-30,NA,NA,0.0480301467978858
2020-07-01,NA,NA,0.0467572368072482
2020-07-02,NA,NA,0.0454027354964635
2020-07-03,NA,NA,0.0451278299911618
2020-07-04,NA,NA,0.0447060314887691
2020-07-05,NA,NA,0.0438651384096551
2020-07-06,200,0.0158,0.0435668624633488
2020-07-07,NA,NA,0.0433655457167041
2020-07-08,NA,NA,0.0435274580649628
2020-07-09,NA,NA,0.0437497886792964
2020-07-10,NA,NA,0.0434739171057806
2020-07-11,NA,NA,0.0428593476340325
2020-07-12,NA,NA,0.0424994335804372
2020-07-13,NA,NA,0.0419969809967933
2020-07-14,NA,NA,0.0410934617048777
2020-07-15,NA,NA,0.040788032048262
2020-07-16,NA,NA,0.0419034456859928
2020-07-17,NA,NA,0.042095507446942
2020-07-18,NA,NA,0.0420524996750305
2020-07-19,NA,NA,0.0410140398755323
2020-07-20,NA,NA,0.0408677611068419
2020-07-21,NA,NA,NA
2020-07-22,NA,NA,NA
2020-07-23,NA,NA,NA
2020-07-24,NA,NA,NA
2020-07-25,NA,NA,NA
2020-07-26,NA,NA,NA
2020-07-27,NA,NA,NA
2020-07-28,NA,NA,NA
2020-07-29,NA,NA,NA
2020-07-30,NA,NA,NA
2020-07-31,NA,NA,NA
2020-08-01,NA,NA,NA
2020-08-02,NA,NA,NA
2020-08-03,NA,NA,NA
2020-08-04,NA,NA,NA
2020-08-05,NA,NA,NA
2020-08-06,NA,NA,NA
2020-08-07,NA,NA,NA
2020-08-08,NA,NA,NA
2020-08-09,NA,NA,NA
2020-08-10,NA,NA,NA
2020-08-11,NA,NA,NA
2020-08-12,NA,NA,NA
2020-08-13,NA,NA,NA
2020-08-14,NA,NA,NA
2020-08-15,NA,NA,NA
2020-08-16,NA,NA,NA
2020-08-17,NA,NA,NA
2020-08-18,NA,NA,NA
2020-08-19,NA,NA,NA
2020-08-20,NA,NA,NA
2020-08-21,NA,NA,NA
2020-08-22,NA,NA,NA
2020-08-23,NA,NA,NA
2020-08-24,NA,NA,0.00117644537023162
2020-08-25,NA,NA,0.00114552141743502
2020-08-26,NA,NA,0.00100274727506938
2020-08-27,NA,NA,0.000974071550116392
2020-08-28,NA,NA,0.000944108482306027
2020-08-29,NA,NA,0.000943085521337102
2020-08-30,NA,NA,0.000781231359176873
2020-08-31,NA,NA,0.00316905684593306
2020-09-01,NA,NA,0.00316872910911292
2020-09-02,200,0.00831,0.00252569349207086
2020-09-03,NA,NA,0.00165748642065212
2020-09-04,NA,NA,0.00109564997811666
2020-09-05,NA,NA,0.000637679808802222
2020-09-06,NA,NA,0.000490237161794147
2020-09-07,NA,NA,0.000439803744683256
2020-09-08,NA,NA,0.000428035449128534
2020-09-09,NA,NA,0.000442536604744686
2020-09-10,NA,NA,0.000650366544862133
2020-09-11,NA,NA,0.000503131888041468
2020-09-12,NA,NA,0.000482296885974324
2020-09-13,NA,NA,0.000455681334549272
2020-09-14,NA,NA,0.000428815761434748
2020-09-15,NA,NA,0.000333926903207798
2020-09-16,NA,NA,0.000340473038220485
2020-09-17,NA,NA,0.00141475052768846
2020-09-18,NA,NA,0.000673545857384266
2020-09-19,NA,NA,0.00036314863064406
2020-09-20,NA,NA,0.000310981968199252
2020-09-21,NA,NA,0.000280615780059565
2020-09-22,NA,NA,0.000287267936733408
2020-09-23,NA,NA,0.000277753393159929
2020-09-24,NA,NA,0.000275197680652206
2020-09-25,NA,NA,0.00140590908860313
2020-09-26,NA,NA,0.000639536579585022
2020-09-27,NA,NA,0.0004002646992584
2020-09-28,NA,NA,0.000420632741946666
2020-09-29,NA,NA,0.0016119691924224
2020-09-30,NA,NA,0.00102718768486072
2020-10-01,NA,NA,0.000419792490826026
2020-10-02,NA,NA,0.000289267962384903
2020-10-03,NA,NA,0.000246613267946266
2020-10-04,NA,NA,0.000238742036853827
2020-10-05,NA,NA,0.000236098956486309
2020-10-06,NA,NA,0.000225203622471974
2020-10-07,NA,NA,0.00023786384353529
2020-10-08,NA,NA,0.00021680576229658
2020-10-09,NA,NA,0.000185517269347245
2020-10-10,NA,NA,0.000302195537719069
2020-10-11,NA,NA,0.0011501794522906
2020-10-12,NA,NA,0.000732135463633084
2020-10-13,NA,NA,0.000464985585674357
2020-10-14,NA,NA,0.000335560986362268
2020-10-15,NA,NA,0.000293725048193533
2020-10-16,NA,NA,0.000275021912974169
2020-10-17,NA,NA,0.000239491200247036
2020-10-18,NA,NA,0.000232911137066177
2020-10-19,NA,NA,0.000248835755026309
2020-10-20,NA,NA,0.000256550490538923
2020-10-21,NA,NA,0.000259002399037934
2020-10-22,NA,NA,0.000254893143210168
2020-10-23,NA,NA,0.000249474371868426
2020-10-24,NA,NA,0.000255577966879194
2020-10-25,NA,NA,0.000847872434793421
2020-10-26,NA,NA,0.000368889711776078
2020-10-27,NA,NA,0.000324878670868554
2020-10-28,NA,NA,0.00030100973359547
2020-10-29,NA,NA,0.0107544271706547
2020-10-30,NA,NA,0.0028804406939396
2020-10-31,NA,NA,0.00134419429818815
2020-11-01,NA,NA,0.00206663484322631
2020-11-02,200,0.013221,0.00175528828620943
2020-11-03,NA,NA,0.00130288429397049
2020-11-04,NA,NA,0.00101261420658927
2020-11-05,NA,NA,0.000848189398028187
2020-11-06,NA,NA,0.000686521520658167
2020-11-07,NA,NA,0.00055777603887344
2020-11-08,NA,NA,0.000480282591184403
2020-11-09,NA,NA,0.000447095934880131
2020-11-10,NA,NA,0.000474386481054616
2020-11-11,NA,NA,0.0205761954341991
2020-11-12,NA,NA,0.0822350455407948
2020-11-13,NA,NA,0.0568027653791563
2020-11-14,NA,NA,0.0478977498417814
2020-11-15,NA,NA,0.045037405846688
2020-11-16,NA,NA,0.0427339095153575
2020-11-17,NA,NA,0.0423721983598614
2020-11-18,NA,NA,0.0410493203092731
2020-11-19,NA,NA,0.0372297676650821
2020-11-20,NA,NA,0.032001429964875
2020-11-21,NA,NA,0.0258357431198967
2020-11-22,NA,NA,0.0185333648141149
2020-11-23,NA,NA,0.0143227160437385
2020-11-24,NA,NA,0.0103849759673451
2020-11-25,NA,NA,0.00773681607282981
2020-11-26,NA,NA,0.00660622603415514
2020-11-27,NA,NA,0.00568821038148142
2020-11-28,NA,NA,0.0049821790741473
2020-11-29,NA,NA,0.00440377654679298
2020-11-30,NA,NA,0.0160474497089128
2020-12-01,NA,NA,0.0126024563820916
2020-12-02,200,0.02201,0.00918622556732676
2020-12-03,NA,NA,0.00731708347543908
2020-12-04,NA,NA,0.00864632171196428
2020-12-05,NA,NA,0.0263738766527101
2020-12-06,NA,NA,0.0217584758228316
2020-12-07,NA,NA,0.0191873993496527
2020-12-08,NA,NA,0.0163125048866347
2020-12-09,NA,NA,0.0130994455527258
2020-12-10,NA,NA,0.010414931769639
2020-12-11,NA,NA,0.00853720916669499
2020-12-12,NA,NA,0.00744506286256524
2020-12-13,NA,NA,0.00681003444272686
2020-12-14,NA,NA,0.0168542557745314
2020-12-15,NA,NA,0.0173848290726531
2020-12-16,NA,NA,0.019483498238595
2020-12-17,NA,NA,0.0218121996501559
2020-12-18,NA,NA,0.019943769546039
2020-12-19,NA,NA,0.016906444331984
2020-12-20,NA,NA,0.0143131595914586
2020-12-21,NA,NA,0.0120313683981953
2020-12-22,NA,NA,0.00982926575114852
2020-12-23,NA,NA,0.00732577065643637
2020-12-24,NA,NA,0.0091332471203271
2020-12-25,NA,NA,0.0230936094914884
2020-12-26,NA,NA,0.0202489455070811
2020-12-27,NA,NA,0.0133312297717492
2020-12-28,NA,NA,0.00754311068467944
2020-12-29,NA,NA,0.00767005411839738
2020-12-30,NA,NA,0.00629476514604321
2020-12-31,NA,NA,0.00420771597681054
2021-01-01,NA,NA,0.00644556818918712
2021-01-02,NA,NA,0.00780481789621453
2021-01-03,NA,NA,0.00841299532199696
2021-01-04,NA,NA,0.00912351565150194
2021-01-05,NA,NA,0.00821017526592463
2021-01-06,NA,NA,0.00799219956220933
2021-01-07,NA,NA,0.00738802024000983
2021-01-08,NA,NA,0.00647757916212147
2021-01-09,NA,NA,0.0073993451982577
2021-01-10,NA,NA,0.00663873047832179
2021-01-11,NA,NA,0.00578425113509305
2021-01-12,NA,NA,0.00596949556791
2021-01-13,NA,NA,0.00572943300680778
2021-01-14,NA,NA,0.00522158645471853
2021-01-15,NA,NA,0.00522613235574088
2021-01-16,NA,NA,0.00503987495290936
2021-01-17,NA,NA,0.00479202403979305
2021-01-18,NA,NA,0.00485641041754499
2021-01-19,NA,NA,0.00446023050397604
2021-01-20,NA,NA,0.0042622179449968
2021-01-21,NA,NA,0.00387259679515035
2021-01-22,NA,NA,0.00398490301925789
2021-01-23,NA,NA,0.00386702101935539
2021-01-24,NA,NA,0.00339034466190625
2021-01-25,NA,NA,0.00403963821692987
2021-01-26,NA,NA,0.0239291866979444
2021-01-27,NA,NA,0.0178419046077095
2021-01-28,NA,NA,0.0194275113677924
2021-01-29,NA,NA,0.0156994247543358
2021-01-30,NA,NA,0.0122102570512096
2021-01-31,NA,NA,0.0124007137169363
2021-02-01,NA,NA,0.0114941753802546
2021-02-02,NA,NA,0.0104180198507064
2021-02-03,NA,NA,0.00863062417656113
2021-02-04,NA,NA,0.00752011730635507
2021-02-05,NA,NA,0.0074573004399902
2021-02-06,NA,NA,0.00702427704008345
2021-02-07,NA,NA,0.00831568334890938
2021-02-08,NA,NA,0.00761720296091843
2021-02-09,NA,NA,0.00702671736445797
2021-02-10,NA,NA,0.00741418571601912
2021-02-11,NA,NA,0.00915954196451059
2021-02-12,NA,NA,0.0160434506474794
2021-02-13,NA,NA,0.0128900915022203
2021-02-14,NA,NA,0.0206007662814329
2021-02-15,NA,NA,0.0252792876524089
2021-02-16,NA,NA,0.0470115018052301
2021-02-17,NA,NA,0.0473120962577712
2021-02-18,NA,NA,0.0467603659109692
2021-02-19,NA,NA,0.0475595276468361
2021-02-20,NA,NA,0.0449957864310721
2021-02-21,NA,NA,0.0399969846381425
2021-02-22,NA,NA,0.0379738532984064
2021-02-23,NA,NA,0.0364144112420119
2021-02-24,NA,NA,0.0319315930269535
2021-02-25,NA,NA,0.0275553601450955
2021-02-26,NA,NA,0.0252375735547313
2021-02-27,NA,NA,0.0310060116824173
2021-02-28,NA,NA,0.0389799489866243
2021-03-01,NA,NA,0.0454603254656492
2021-03-02,NA,NA,0.0424297347521258
2021-03-03,NA,NA,0.0390372795359836
2021-03-04,NA,NA,0.0350441080018886
2021-03-05,NA,NA,0.0299493955113936
2021-03-06,NA,NA,0.0249948981645901
2021-03-07,NA,NA,0.021756493061194
2021-03-08,NA,NA,0.0192571284335015
2021-03-09,NA,NA,0.01750146376029
2021-03-10,NA,NA,0.0161096899012094
2021-03-11,NA,NA,0.0147734964356517
2021-03-12,NA,NA,0.0140039046115932
2021-03-13,NA,NA,0.0122005458322123
2021-03-14,NA,NA,0.010790182921441
2021-03-15,NA,NA,0.00956906352809142
2021-03-16,NA,NA,0.00950526709849595
2021-03-17,NA,NA,0.00907834153901702
2021-03-18,NA,NA,0.0124360370034593
2021-03-19,NA,NA,0.0233310222488738
2021-03-20,NA,NA,0.0190916931794264
2021-03-21,NA,NA,0.0168218690012843
2021-03-22,200,0.032415,0.0194901153057348
2021-03-23,NA,NA,0.023290937861657
2021-03-24,NA,NA,0.0235809189993862
2021-03-25,NA,NA,0.024271818962706
2021-03-26,NA,NA,0.0298695735081651
2021-03-27,NA,NA,0.0288035841427794
2021-03-28,NA,NA,0.0372625474637688
2021-03-29,NA,NA,0.0383891614716397
2021-03-30,NA,NA,0.0349337750959432
2021-03-31,NA,NA,0.0393668856821928
2021-04-01,NA,NA,0.0417416891979887
2021-04-02,NA,NA,0.0369820404741704
2021-04-03,NA,NA,0.0317703931114038
2021-04-04,NA,NA,0.0291563711954899
2021-04-05,NA,NA,0.0266510705463753
2021-04-06,NA,NA,0.0249185181161097
2021-04-07,NA,NA,0.0229405703734239
2021-04-08,NA,NA,0.0215226172701793
2021-04-09,NA,NA,0.0211889853187705
2021-04-10,NA,NA,0.0222874298088395
2021-04-11,NA,NA,0.0312232296227637
2021-04-12,NA,NA,0.0265589091534673
2021-04-13,NA,NA,0.0227213093268187
2021-04-14,NA,NA,0.0201901071910591
2021-04-15,NA,NA,0.020581470164956
2021-04-16,NA,NA,0.0172154619176135
2021-04-17,NA,NA,0.0155316648362295
2021-04-18,NA,NA,0.0146865352850819
2021-04-19,NA,NA,0.0156887150600871
2021-04-20,NA,NA,0.0147635502403259
2021-04-21,NA,NA,0.0137796839682919
2021-04-22,NA,NA,0.0121239934173592
2021-04-23,NA,NA,0.011232653335401
2021-04-24,NA,NA,0.0125974587869376
2021-04-25,NA,NA,0.0151103235040566
2021-04-26,200,0.019635,0.0136352394828047
2021-04-27,NA,NA,0.013041304643462
2021-04-28,NA,NA,0.0124115628306856
2021-04-29,NA,NA,0.0118365040121054
2021-04-30,NA,NA,0.0107894889622528
2021-05-01,NA,NA,0.00927737461401718
2021-05-02,NA,NA,0.00886356286248685
2021-05-03,NA,NA,0.00970142529074501
2021-05-04,NA,NA,0.0148113400650088
2021-05-05,NA,NA,0.0152870094606623
2021-05-06,NA,NA,0.0125865513977462
2021-05-07,NA,NA,0.0116485721685695
2021-05-08,NA,NA,0.0106671589918823
2021-05-09,NA,NA,0.00995431663666882
2021-05-10,NA,NA,0.00939898747332063
2021-05-11,NA,NA,0.00845931896690794
2021-05-12,NA,NA,0.00779817447312951
2021-05-13,NA,NA,0.00712849700117331
2021-05-14,NA,NA,0.00640530046995081
2021-05-15,NA,NA,0.00587685313810109
2021-05-16,NA,NA,0.00562801809625871
2021-05-17,NA,NA,0.00552556075951219
2021-05-18,NA,NA,0.00529278135655508
2021-05-19,NA,NA,0.00509390529374809
2021-05-20,NA,NA,0.00463655519972207
2021-05-21,NA,NA,0.00412642092860587
2021-05-22,NA,NA,0.00376907542588847
2021-05-23,NA,NA,0.00337123646342222
2021-05-24,200,0.01019,0.00287989965625612
2021-05-25,NA,NA,0.00257840738388319
2021-05-26,NA,NA,0.00241676873303736
2021-05-27,NA,NA,0.00210044183743228
2021-05-28,NA,NA,0.00257213107564159
2021-05-29,NA,NA,0.00360520945593657
2021-05-30,NA,NA,0.00421733551403137
2021-05-31,NA,NA,0.00307961614907393
2021-06-01,NA,NA,0.00248317751190403
2021-06-02,NA,NA,0.00221270742760684
2021-06-03,NA,NA,0.00210207686951637
2021-06-04,NA,NA,0.00195165594164532
2021-06-05,NA,NA,0.00178013087518818
2021-06-06,NA,NA,0.00168208667101034
2021-06-07,NA,NA,0.00177611448169663
2021-06-08,NA,NA,0.00269108488541875
2021-06-09,NA,NA,0.00330115838873003
2021-06-10,NA,NA,0.00390347875409706
2021-06-11,NA,NA,0.00615174987360321
2021-06-12,NA,NA,0.0109433198901103
2021-06-13,NA,NA,0.0112815008241993
2021-06-14,NA,NA,0.0130519004775882
2021-06-15,NA,NA,0.0102228401392269
2021-06-16,NA,NA,0.00836129655108345
2021-06-17,NA,NA,0.00659612252334919
2021-06-18,NA,NA,0.00505861826393208
2021-06-19,NA,NA,0.00416363000749756
2021-06-20,NA,NA,0.0033450894439015
2021-06-21,200,6.99e-05,0.00281142210861424
2021-06-22,NA,NA,0.00302741443770093
2021-06-23,NA,NA,0.00225131602380397
2021-06-24,NA,NA,0.00165746590533429
2021-06-25,NA,NA,0.00143629217031083
2021-06-26,NA,NA,0.00128812087033139
2021-06-27,NA,NA,0.0016129631518961
2021-06-28,NA,NA,0.00157586604226991
2021-06-29,NA,NA,0.00130024242526771
2021-06-30,NA,NA,0.00121684098017629
2021-07-01,NA,NA,0.00157209924884827
2021-07-02,NA,NA,0.00191664137464591
2021-07-03,NA,NA,0.00120824812054272
2021-07-04,NA,NA,0.00110641066475101
2021-07-05,NA,NA,0.00108270309202736
2021-07-06,NA,NA,0.00104492232649081
2021-07-07,NA,NA,0.00102776721061427
2021-07-08,NA,NA,0.00109714061353531
2021-07-09,NA,NA,0.00109204179929356
2021-07-10,NA,NA,0.00100339954977674
2021-07-11,NA,NA,0.00104643825225037
2021-07-12,NA,NA,0.000973327691801494
2021-07-13,NA,NA,0.000893292862675803
2021-07-14,NA,NA,0.00101592801966497
2021-07-15,NA,NA,0.000945218341138128
2021-07-16,NA,NA,0.000885008688020712
2021-07-17,NA,NA,0.00113712615244374
2021-07-18,NA,NA,0.000940936039068968
2021-07-19,NA,NA,0.000838738086764368
2021-07-20,NA,NA,0.000796471082288529
2021-07-21,NA,NA,0.000827277501406687
2021-07-22,NA,NA,0.000854573968809863
2021-07-23,NA,NA,0.00084496946482049
2021-07-24,NA,NA,0.000862487215260081
2021-07-25,NA,NA,0.00110928398999419
2021-07-26,NA,NA,0.00260345398504916
2021-07-27,NA,NA,0.00127126041111647
2021-07-28,NA,NA,0.00101722658624839
2021-07-29,NA,NA,0.000955864775203087
2021-07-30,NA,NA,0.000891156238031051
2021-07-31,NA,NA,0.000842002939324865
2021-08-01,NA,NA,0.000872950501649893
2021-08-02,NA,NA,0.000798848432648589
2021-08-03,NA,NA,0.000800080322128772
2021-08-04,NA,NA,0.000771532075017908
2021-08-05,NA,NA,0.000738589521239863
2021-08-06,NA,NA,0.00071690047253664
2021-08-07,NA,NA,0.000744907447856877
2021-08-08,NA,NA,0.000717030055431627
2021-08-09,NA,NA,0.000684952614682462
2021-08-10,NA,NA,0.000686829623609637
2021-08-11,NA,NA,0.000774371001232187
2021-08-12,NA,NA,0.000804628286948776
2021-08-13,NA,NA,0.000749781993854837
2021-08-14,NA,NA,0.000736922887931015
2021-08-15,NA,NA,0.00358961314785034
2021-08-16,NA,NA,0.00358122636646492
2021-08-17,NA,NA,0.00197445316785572
2021-08-18,NA,NA,0.00295197197362755
2021-08-19,NA,NA,0.00222762374640983
2021-08-20,NA,NA,0.00191009155248731
2021-08-21,NA,NA,0.00123756009281322
2021-08-22,NA,NA,0.000979571842429467
2021-08-23,NA,NA,0.000886042182653659
2021-08-24,NA,NA,0.000840059090426348
2021-08-25,NA,NA,0.00081217374021436
2021-08-26,NA,NA,0.000786454475557808
2021-08-27,NA,NA,0.000799162161970203
2021-08-28,NA,NA,0.000789835885264866
2021-08-29,NA,NA,0.000831385497800187
2021-08-30,NA,NA,0.000795832327475955
2021-08-31,NA,NA,0.00119328778258084
2021-09-01,NA,NA,0.00267194542518365
2021-09-02,NA,NA,0.00107491246100184
2021-09-03,NA,NA,0.000863106977762207
2021-09-04,NA,NA,0.000815286374014288
2021-09-05,NA,NA,0.000800037692767542
2021-09-06,NA,NA,0.00078715309626521
2021-09-07,NA,NA,0.000725784040094642
2021-09-08,NA,NA,0.000725597514638373
2021-09-09,NA,NA,0.000730111164215012
2021-09-10,NA,NA,0.000677377837686163
2021-09-11,NA,NA,0.000674486965175145
2021-09-12,NA,NA,0.000669989473422314
2021-09-13,NA,NA,0.000653760773769366
2021-09-14,NA,NA,0.000648877855348686
2021-09-15,NA,NA,0.000637469115586438
2021-09-16,NA,NA,0.000651617449147798
2021-09-17,NA,NA,0.000673229531532363
2021-09-18,NA,NA,0.000665310667306956
2021-09-19,NA,NA,0.00063316134252733
2021-09-20,NA,NA,0.000668033878506579
2021-09-21,NA,NA,0.00198409067433916
2021-09-22,NA,NA,0.0297982976201622
2021-09-23,NA,NA,0.00535720794634982
2021-09-24,NA,NA,0.00171764756984958
2021-09-25,NA,NA,0.00121070520910797
2021-09-26,NA,NA,0.00103443660728413
2021-09-27,NA,NA,0.000961336937756069
2021-09-28,NA,NA,0.000947492191170203
2021-09-29,NA,NA,0.000925446602369844
2021-09-30,NA,NA,0.000878678787966327
2021-10-01,NA,NA,0.000835534979447145
2021-10-02,NA,NA,0.000856000114269922
2021-10-03,NA,NA,0.00101184790629223
2021-10-04,NA,NA,0.000941295069045267
2021-10-05,NA,NA,0.0011080471533997
2021-10-06,NA,NA,0.00104066129847115
2021-10-07,NA,NA,0.00110167940445226
2021-10-08,NA,NA,0.000995290299245882
2021-10-09,NA,NA,0.00100370668162645
2021-10-10,NA,NA,0.000941464161972172
2021-10-11,NA,NA,0.000921465055229991
2021-10-12,NA,NA,0.000879958517997841
2021-10-13,NA,NA,0.000847529029520935
2021-10-14,NA,NA,0.000799537211688385
2021-10-15,NA,NA,0.000794733937551757
2021-10-16,NA,NA,0.000800294286466885
2021-10-17,NA,NA,0.000728671026750961
2021-10-18,NA,NA,0.00071811770088267
2021-10-19,NA,NA,0.00069649493570117
2021-10-20,NA,NA,0.000733709539016223
2021-10-21,NA,NA,0.000757351498340102
2021-10-22,NA,NA,0.000784716353728495
2021-10-23,NA,NA,0.000739000200041061
2021-10-24,NA,NA,0.000735722699685955
2021-10-25,NA,NA,0.000847977081908821
2021-10-26,NA,NA,0.000648773739715183
2021-10-27,NA,NA,0.000764537212653241
2021-10-28,NA,NA,0.000869115918968969
2021-10-29,NA,NA,0.00258852511916814
2021-10-30,NA,NA,0.0010968102232328
2021-10-31,NA,NA,0.000830088787877103
2021-11-01,NA,NA,0.000777979995875819
2021-11-02,NA,NA,0.000898037067936355
2021-11-03,NA,NA,0.000822152743924088
2021-11-04,NA,NA,0.000800087908873185
2021-11-05,NA,NA,0.000780004065083009
2021-11-06,NA,NA,0.000771585839264121
2021-11-07,NA,NA,0.00076263436038832
2021-11-08,NA,NA,0.00114683722184068
2021-11-09,NA,NA,0.00169104333964213
2021-11-10,NA,NA,0.00180676769354554
2021-11-11,NA,NA,0.00177187579508606
2021-11-12,NA,NA,0.00392297488763267
2021-11-13,NA,NA,0.00209131604650144
2021-11-14,NA,NA,0.00188902463632943
2021-11-15,NA,NA,0.00192395367934341
2021-11-16,NA,NA,0.00183001005611558
2021-11-17,NA,NA,0.00180035874286715
2021-11-18,NA,NA,0.00191054219219916
2021-11-19,NA,NA,0.00190362208919491
2021-11-20,NA,NA,0.00179664704417556
2021-11-21,NA,NA,0.00180672368925021
2021-11-22,NA,NA,0.00175781831727581
2021-11-23,NA,NA,0.00161178650027206
2021-11-24,NA,NA,0.00155746888324323
2021-11-25,NA,NA,0.00161038001066705
2021-11-26,NA,NA,0.00165315535374158
2021-11-27,NA,NA,0.00159347014862005
2021-11-28,NA,NA,0.00158970831613986
2021-11-29,NA,NA,0.00157802512189048
2021-11-30,NA,NA,0.00157200065888768
2021-12-01,NA,NA,0.00160787688052703
2021-12-02,NA,NA,0.00173519289002681
2021-12-03,NA,NA,0.00168336477081618
2021-12-04,NA,NA,0.00167000586549572
2021-12-05,NA,NA,0.00166950858962592
2021-12-06,NA,NA,0.00177697446228445
2021-12-07,NA,NA,0.00116742581757726
2021-12-08,NA,NA,0.000647842845796458
2021-12-09,NA,NA,0.000629720537856769
2021-12-10,NA,NA,0.000801755962551459
2021-12-11,NA,NA,0.000784301196884543
2021-12-12,NA,NA,0.000703223105551987
2021-12-13,NA,NA,0.00068581117753431
2021-12-14,NA,NA,0.00114170550833973
2021-12-15,NA,NA,0.00164923646067697
2021-12-16,NA,NA,0.00171539624337329
2021-12-17,NA,NA,0.00173576949350375
2021-12-18,NA,NA,0.00178402872926942
2021-12-19,NA,NA,0.00180224712267818
2021-12-20,NA,NA,0.00164183820390756
2021-12-21,NA,NA,0.00164645951920011
2021-12-22,NA,NA,0.00176697829421992
2021-12-23,NA,NA,0.0017015129103908
2021-12-24,NA,NA,0.00166821236952039
2021-12-25,NA,NA,0.00176134499780101
2021-12-26,NA,NA,0.00166565392621386
2021-12-27,NA,NA,0.00158718294671922
2021-12-28,NA,NA,0.00167002843507782
2021-12-29,NA,NA,0.00192259340583039
2021-12-30,NA,NA,0.002007528637113
2021-12-31,NA,NA,0.00177557063930046
