"DateTime","mean","sd"
2017-01-01,0.000217395302892093,0.000233210519680584
2017-01-04,0.00199086721531495,0.000846766407009472
2017-01-05,0.00162958684625157,NA
2017-01-07,0.000910430080249218,0.000631435177139398
2017-01-08,0.00510919231051059,0.0048200332133344
2017-01-09,0.0067517379862427,0.00862687467932093
2017-01-10,0.000513841714348777,0.000150217097272089
2017-01-11,0.00176746962056536,0.000682879995685092
2017-01-12,0.00153558758503921,0.000581935767491092
2017-01-13,0.00100041101262584,0.000607536586556263
2017-01-14,0.0028812669295542,0.000503766096377569
2017-01-18,0.00094731763270085,0.000658863657794804
2017-01-19,0.000944817706929359,0.000646202413964714
2017-01-20,0.00112389579422357,0.000701768287020997
2017-01-21,0.0019378376459749,0.000739595348611193
2017-01-24,0.0244490089825677,0.00233670396787947
2017-01-25,0.0233382604914098,0.00175154121867648
2017-01-26,0.0188874581481515,0.00223973693926734
2017-01-27,0.0195663627352809,0.00252399440962273
2017-01-28,0.0175092387093701,0.00151901920688897
2017-01-29,0.0177452019507068,0.00113915378041733
2017-01-30,0.0144499089164818,0.0013036539319264
2017-01-31,0.0121773379129892,0.00231541208507429
2017-02-01,0.0121152866324306,0.00138716736633643
2017-02-02,0.00954636325378865,0.00125673557848013
2017-02-03,0.0122995555569921,0.00123986988097572
2017-02-04,0.00665903110219803,0.00101396554890406
2017-02-05,0.00438354861559494,0.00117431977007549
2017-02-06,0.00340377362395943,0.000514018801146944
2017-02-07,0.00297097014564001,0.000422047295509485
2017-02-08,0.00267093859953834,0.000382158622898383
2017-02-09,0.00299480710531215,0.00140659419551618
2017-02-10,0.00153262840401502,0.000137119943997999
2017-02-11,0.000782526945295442,0.000240184931527979
2017-02-12,0.000972062462879066,0.00045147803291005
2017-02-13,0.000790207666399402,0.000633701701816121
2017-02-14,0.000319570845230589,0.000269465353010392
2017-02-15,0.000341435955146121,0.000229163714781568
2017-02-16,0.000149424919745293,0.000150388514378615
2017-02-17,4.32735351924073e-05,5.81355911426105e-05
2017-02-18,5.29920386120793e-05,0.000116305493060829
2017-02-19,0.000219793889602349,0.000312930115002534
2017-02-20,4.43113755750152e-05,6.67522775243175e-05
2017-02-21,9.55165784916365e-06,9.72754684885526e-06
2017-02-22,1.06634120793829e-05,1.23764763264878e-05
2017-02-23,4.42247124514927e-05,6.38665850140179e-05
2017-02-24,2.84629948534589e-05,6.37067267968623e-05
2017-02-25,5.8336088994947e-05,0.000106543871872666
2017-02-26,1.1422592267593e-05,1.85135009787533e-05
2017-02-27,3.36319761535547e-05,5.24238087022865e-05
2017-02-28,0.000171858594682532,0.000240960642517949
2017-03-01,0.000243148878260811,0.000444362649028906
2017-03-02,6.41763210300089e-05,0.00010702710005161
2017-03-03,4.77643734591104e-05,9.71950397513088e-05
2017-03-04,8.52658276231738e-06,6.64347752823537e-06
2017-03-05,7.66167565779084e-06,0
2017-03-06,8.29954464737916e-06,5.70527368583437e-06
2017-03-07,4.71240250252171e-05,0.000114019630992745
2017-03-08,3.72964499002536e-05,0.000108314453146605
2017-03-09,1.00514247536026e-05,1.48251389473518e-05
2017-03-10,0.000101265546906577,0.000230746551035545
2017-03-11,1.13780588667688e-05,1.95533457640632e-05
2017-03-12,0.00024011823030771,0.00037766703381189
2017-03-13,6.81132136528704e-05,0.000188443579407728
2017-03-14,0.00104615250921546,0.00104171036858248
2017-03-15,0.00103854930329665,0.000927019842947654
2017-03-16,0.000319919770981358,0.000390185181273079
2017-03-17,0.000233689952984517,0.000555268379645444
2017-03-18,0.000814849321319094,0.00180187925128148
2017-03-19,0.000582878479377028,0.000797278383764475
2017-03-20,0.000107197960683161,0.000347149352623076
2017-03-21,0.000237737675267871,0.000662779797226587
2017-03-22,0.00080621829216389,0.00109457333713473
2017-03-23,0.000196424633629948,0.000406919048206958
2017-03-24,1.41510406695386e-05,3.45820698804029e-05
2017-03-25,3.39613424684829e-05,7.99119652949466e-05
2017-03-26,4.20736065866178e-05,0.00012021947788011
2017-03-27,1.57457131435075e-05,3.54212799923565e-05
2017-03-28,0.00108291172035371,0.00183853754363917
2017-03-29,0.000280705200539007,0.000372706367977465
2017-03-30,4.50336429989889e-05,0.000140252132562831
2017-03-31,0.00472798963440671,0.00466860470651486
2017-04-01,0.00432606998881337,0.00214504881465447
2017-04-02,0.00087604842022111,0.00100151652659417
2017-04-03,0.00183615818086623,0.00332112581400324
2017-04-04,0.00416959852715932,0.00164623344351104
2017-04-05,0.00162350642433744,0.00172805560554736
2017-04-06,0.00209810401524278,0.00200885505273088
2017-04-07,0.00226193220189163,0.00162977385602532
2017-04-08,0.000971921836823968,0.000930161053489381
2017-04-09,0.000545935098710982,0.000693484379264187
2017-04-10,0.000332019690049141,0.000480477604839806
2017-04-11,0.000202383395990084,0.000362368336218418
2017-04-12,0.000448774870364168,0.000680259852834592
2017-04-13,0.000219253608669934,0.000398999845949371
2017-04-14,0.000115094043159229,0.000283215077606554
2017-04-15,0.000485131188469933,0.00106984088916572
2017-04-16,0.00023315789452126,0.000410520035809328
2017-04-17,0.000217692256421909,0.000313342866081171
2017-04-18,0.000258986598166487,0.000324048136800551
2017-04-19,0.000104834330766341,0.000223560608820987
2017-04-20,0.000181733915638999,0.000519134499345358
2017-04-21,0.000170799717276336,0.000340489828246764
2017-04-22,0.00255482579265714,0.00289505503511586
2017-04-23,0.00469840499770967,0.00287745358903873
2017-04-24,0.0390899368036227,0.00913364318982475
2017-04-25,0.0603922812550568,0.00938335478025779
2017-04-26,0.0444632491221701,0.00385449775439096
2017-04-27,0.0439855838405583,0.00401882037050764
2017-04-28,0.0447182543375506,0.00368047468900841
2017-04-29,0.0417920406825202,0.00338005297626826
2017-04-30,0.0378999856314489,0.00344749605026404
2017-05-01,0.0351153906983705,0.0040531994406744
2017-05-02,0.0356879133342668,0.00348808259523889
2017-05-03,0.0268716912006522,0.00382980165435388
2017-05-04,0.0198783909368586,0.00604670240442219
2017-05-05,0.148876343302069,0.074563357891852
2017-05-06,0.0982587079458864,0.00449031121371581
2017-05-07,0.0879164241411772,0.00483381609585217
2017-05-08,0.0829168955549113,0.00512707269728073
2017-05-09,0.0783666806651222,0.00450726021939787
2017-05-10,0.0776256895777787,0.00458426931446823
2017-05-11,0.0754583643695364,0.0060562120768895
2017-05-12,0.0752773158682909,0.00529551362831699
2017-05-13,0.0795125879951716,0.00347856413927763
2017-05-14,0.0739021982570603,0.00305149539859528
2017-05-15,0.0695585276840761,0.00502528719772303
2017-05-16,0.056531277691315,0.00459445723180753
2017-05-17,0.0490954685477663,0.0040925549223795
2017-05-18,0.0406324683055305,0.00359598841633949
2017-05-19,0.0360837171173786,0.00384742299484061
2017-05-20,0.032302215673173,0.00400010729002463
2017-05-21,0.0260162212896285,0.00362362887639273
2017-05-22,0.0287247230237469,0.00355596003757192
2017-05-23,0.0309652980901752,0.0166789752887108
2017-05-24,0.0653469791370141,0.025773538176157
2017-05-25,0.119174574106125,0.0170837333444487
2017-05-26,0.0942449208422073,0.00722988054057849
2017-05-27,0.0845606593834596,0.00301113881576719
2017-05-28,0.0798297111586381,0.00482398788975292
2017-05-29,0.0799928937136984,0.00469640210626908
2017-05-30,0.0749440875168307,0.00373676628799224
2017-05-31,0.0688671624605667,0.00497908400429349
2017-06-01,0.0613028988282672,0.00356528057878114
2017-06-02,0.0515555545163731,0.00404035770676349
2017-06-03,0.0420094907911001,0.00307019762414582
2017-06-04,0.0347302099366689,0.00359663244508113
2017-06-05,0.0420450878729163,0.00728024402844697
2017-06-06,0.0412234748831886,0.0029562360190297
2017-06-07,0.0332818156830459,0.00231144460534276
2017-06-08,0.0268133679294968,0.00230941682618473
2017-06-09,0.0262904818980281,0.00280118766970757
2017-06-10,0.0238362456400698,0.00280218031646232
2017-06-11,0.0209109405503768,0.00226233432838495
2017-06-12,0.0185054382593816,0.00292244379900852
2017-06-13,0.021111580757832,0.0111595838203723
2017-06-14,0.0205894884827145,0.00341820183500766
2017-06-15,0.0191222099131868,0.00364090359137726
2017-06-16,0.0190895285487045,0.00237395600521607
2017-06-17,0.0313148284529544,0.0175374224846741
2017-06-18,0.0422097285208784,0.00394093051076435
2017-06-19,0.0417285789820027,0.00977772408437098
2017-06-20,0.0429693443016393,0.00282660525124357
2017-06-21,0.0356929574644358,0.0040250220491394
2017-06-22,0.0218789986938481,0.00309603886543564
2017-06-23,0.0140406029909764,0.00240085182331444
2017-06-24,0.014447201991339,0.00438359781662743
2017-06-25,0.00578625375956928,0.00212366073545856
2017-06-26,0.00118204392633684,0.00091742629709282
2017-06-27,0.000998209178557214,0.000796603292999503
2017-06-28,0.000977444955355282,0.000822893617227187
2017-06-29,0.000599334314926164,0.000483786061037771
2017-06-30,0.000602616695419784,0.000572988805619564
2017-07-01,0.00133682885349097,0.000957313035345409
2017-07-02,0.00102545228270182,0.000928129060324658
2017-07-03,0.000588565218448859,0.000536561724462858
2017-07-04,0.000735680277007591,0.000778036851193167
2017-07-05,0.00468316367633183,0.010709194184856
2017-07-06,0.00191819314328469,0.00157548512012342
2017-07-07,0.00122906466194062,0.000947454168312922
2017-07-08,0.00110331386210363,0.000998924882403004
2017-07-09,0.000588807362814607,0.000517676072528246
2017-07-10,0.00046836456861567,0.000764222834178408
2017-07-11,0.000548834417417007,0.000605992773303044
2017-07-12,0.000418193105126455,0.000530459149057785
2017-07-13,0.000525415637836748,0.000553344638779087
2017-07-14,0.000409207944628905,0.000390171406350709
2017-07-15,0.000399032567365888,0.000469603148485151
2017-07-16,0.000200978873935965,0.000322491760972678
2017-07-17,0.00030851511753,0.000394202274264454
2017-07-18,0.0035236635807696,0.0101193525951333
2017-07-19,0.000516147770526601,0.000490720209969732
2017-07-20,0.000359230810992666,0.00048906008363248
2017-07-21,0.000306574571608883,0.000438174282239894
2017-07-22,0.000301269827664931,0.000588358531927961
2017-07-23,0.000598352175506581,0.00161977919682812
2017-07-24,0.002896880768705,0.00570954332978974
2017-07-25,0.000585901343539894,0.000560857511349391
2017-07-26,6.41767412490152e-05,0.000197705810465277
2017-07-27,0.000404674675580881,0.00157104667881106
2017-07-28,0.00011545701142343,0.000194764350326924
2017-07-29,0.00117174310764474,0.000759271954956755
2017-07-30,0.000268200544790907,0.000433967665054465
2017-07-31,4.37524791675514e-05,8.45255031599461e-05
2017-08-01,3.07830265580568e-05,6.56982957855408e-05
2017-08-02,0.000156733343917088,0.000314909082250222
2017-08-03,8.95382191433254e-05,0.000176635309657615
2017-08-04,3.51161813411994e-05,0.000121111355242832
2017-08-05,0.000229883441492842,0.000495316111717634
2017-08-06,1.1835453965908e-05,2.64708538882718e-05
2017-08-07,0.00192340333847857,0.00731774411672903
2017-08-08,0.000877351523175531,0.000803374613191616
2017-08-09,3.24082889840656e-05,6.05369633685423e-05
2017-08-10,1.35173026244061e-05,3.68269863223939e-05
2017-08-11,8.19323314911444e-06,5.20817849078688e-06
2017-08-12,1.77652433247061e-05,4.13693178686782e-05
2017-08-13,7.16681098886689e-05,0.000159351061172573
2017-08-14,1.58328893280367e-05,4.29368076559054e-05
2017-08-15,8.07047548022045e-05,0.000161387837220649
2017-08-16,7.12797589288296e-05,0.000167114521779229
2017-08-17,7.57073236051078e-05,0.000268693989529871
2017-08-18,6.81985842445836e-05,0.000169694659581581
2017-08-19,9.53942717390681e-06,1.40246060663331e-05
2017-08-20,2.83084947309825e-05,8.13265523105096e-05
2017-08-21,7.66167565779084e-06,0
2017-08-22,2.59340396555088e-05,0.000111568910483427
2017-08-23,1.14571308499385e-05,1.9754802239674e-05
2017-08-24,8.19323314911444e-06,5.20817849078688e-06
2017-08-25,7.66167565779084e-06,0
2017-08-26,7.66167565779084e-06,0
2017-08-27,7.66167565779084e-06,0
2017-08-28,7.66167565779084e-06,0
2017-08-29,7.66167565779084e-06,0
2017-08-30,2.1686214165916e-05,8.53411385376826e-05
2017-08-31,7.66167565779084e-06,0
2017-09-01,7.66167565779084e-06,0
2017-09-02,3.32745776428874e-05,0.000122829622946198
2017-09-03,7.66167565779084e-06,0
2017-09-04,7.66167565779084e-06,0
2017-09-05,7.66167565779084e-06,0
2017-09-06,7.3421601628447e-05,0.000190926673089497
2017-09-07,7.66167565779084e-06,0
2017-09-08,7.66167565779084e-06,0
2017-09-09,7.66167565779084e-06,0
2017-09-10,7.66167565779084e-06,0
2017-09-11,7.66167565779084e-06,0
2017-09-12,1.23670114572332e-05,2.68951169374418e-05
2017-09-13,8.24822185511343e-06,5.47093871457567e-06
2017-09-14,7.66167565779084e-06,0
2017-09-15,7.66167565779084e-06,0
2017-09-16,7.66167565779084e-06,0
2017-09-17,7.66167565779084e-06,0
2017-09-18,7.66167565779084e-06,0
2017-09-19,7.66167565779084e-06,0
2017-09-20,7.66167565779084e-06,0
2017-09-21,7.66167565779084e-06,0
2017-09-22,6.84860805875472e-05,0.000178986761373115
2017-09-23,1.31666073093595e-05,2.55735299547026e-05
2017-09-24,7.66167565779084e-06,0
2017-09-25,7.66167565779084e-06,0
2017-09-26,2.09165488732681e-05,4.85039823487761e-05
2017-09-27,9.05986856604211e-05,0.000203282630555051
2017-09-28,2.94173392350331e-05,6.03531352110611e-05
2017-09-29,8.988309770957e-06,1.2998306610507e-05
2017-09-30,1.70723472566723e-05,3.74425980806349e-05
2017-10-01,8.72479064043804e-06,7.32660843492388e-06
2017-10-02,9.25634813176164e-06,8.92536855823936e-06
2017-10-03,3.05084723792959e-05,6.13428038534414e-05
2017-10-04,3.31141988444429e-05,6.95485027402437e-05
2017-10-05,6.63175115611383e-05,0.000134713438197595
2017-10-06,0.000108436134130684,0.000215179270621326
2017-10-07,5.79784920331573e-05,0.00010767177412538
2017-10-08,0.000171055544989546,0.000516915213453036
2017-10-09,0.00300637380850061,0.00492458540914599
2017-10-10,1.00514247536042e-05,1.48251389473654e-05
2017-10-11,0.00153205510829346,0.00468884561510887
2017-10-12,7.66167565779084e-06,0
2017-10-13,8.21038016496359e-06,5.29151463815676e-06
2017-10-14,1.32705843050938e-05,2.14089511337361e-05
2017-10-15,7.66167565779084e-06,0
2017-11-13,0.00256832188605968,0.00193822350621506
2017-11-14,0.00339909357020669,0.000422646003416683
2017-11-15,0.00332941028940973,0.000346386495836818
2017-11-16,0.0032857446645079,0.00053737979242189
2017-11-17,0.00291567551036183,0.000687585916411674
2017-11-18,0.00289484889011403,0.000430627032822091
2017-11-19,0.00366500447238849,0.000833740531061843
2017-11-20,0.00290181125642721,0.00046357758093069
2017-11-21,0.00308744845265735,0.00034099088269827
2017-11-22,0.00423661967128344,0.000652538496084317
2017-11-23,0.00422663609439086,0.00070645010020213
2017-11-24,0.00363067479877528,0.000865130398612207
2017-11-25,0.00333527320749477,0.000489373072175376
2017-11-26,0.0033911197984049,0.00074973913398121
2017-11-27,0.00321509427191149,0.000608971127207093
2017-11-28,0.00314209919568565,0.000433356315464154
2017-11-29,0.0028770905057102,0.000518041432639596
2017-11-30,0.00238619653362469,0.000322175427994931
2017-12-01,0.00270759475886353,0.000595857232617779
2017-12-02,0.00169528907801431,0.00038371768326069
2017-12-03,0.00183537559512683,0.000293716017194244
2017-12-04,0.00148735163569511,0.000325407817894336
2017-12-05,0.00133633450670171,0.000376734774773991
2017-12-06,0.00142907775942994,0.00068052400500681
2017-12-07,0.000938212979860866,0.000366590403111896
2017-12-08,0.0011517926783798,0.000339560627153761
2017-12-09,0.00126101957141314,0.000297846328604479
2017-12-10,0.000686988563138044,0.000356242664107733
2017-12-11,0.000599625499181255,0.000278132692750651
2017-12-12,0.00119943388872072,0.000826468559173008
2017-12-13,0.001966029075328,0.00100275524082424
2017-12-14,0.000957910412532489,0.000386472599245182
2017-12-15,0.00101661977886054,0.000345074896896415
2017-12-16,0.000738571204297513,0.000386533365207105
2017-12-17,0.00075173684882326,0.0002689612711454
2017-12-18,0.00152576860133676,0.000293898071009894
2017-12-19,0.00193592486618323,0.000494513271769535
2017-12-20,0.0011126987841152,0.000264408230794435
2017-12-21,0.00111290439376325,0.000406892220730653
2017-12-22,0.00108876932365421,0.000335864020272543
2017-12-23,0.00183171564745745,0.000450337743955498
2017-12-24,0.00112653448236208,0.000175272337041196
2017-12-25,0.000973674645727111,0.000511222160060565
2017-12-26,0.000840918122854066,0.00039629707673918
2017-12-27,0.00100579445996668,0.000310488400802996
2017-12-28,0.00124367392828617,0.00064414400111722
2017-12-29,0.00173728015397884,0.00140743477513704
2017-12-30,0.000792347767530492,0.000344363112188666
2017-12-31,0.00334893240936024,0.00137680763357993
2018-01-01,0.00951894199954149,0.00615558064565683
2018-01-02,0.0184426486570303,0.0219898858540439
2018-01-03,0.0020178192663262,0.00200058970292915
2018-01-04,0.00596400186262921,0.00801741258993584
2018-01-05,0.0168192435352254,0.021189279825619
2018-01-06,0.00885812940431348,0.00700457027784889
2018-01-07,0.00982945385174185,0.00838637431015533
2018-01-08,0.0031541233225903,0.000611329361600568
2018-01-09,0.00138660385050864,0.000636423986289787
2018-01-10,0.000291004424546354,0.000111947448652185
2018-01-11,0.000610015641488374,0.000444972876127321
2018-01-12,0.00472384395568278,0.00287044099279183
2018-01-13,0.00531446417428515,0.00218447790295632
2018-01-14,0.00232293058035423,0.00125865131700319
2018-01-15,0.00425424720590694,0.00414862709297237
2018-01-16,0.00118649464879209,0.0015012024857929
2018-01-17,0.000596252524423959,0.000553422436875448
2018-01-18,0.00303742771827431,0.00212783990184445
2018-01-19,0.000391444550942627,0.000417973090879602
2018-01-20,0.000104744614874995,0.000185046421052249
2018-01-21,3.06944468321752e-05,4.08207584114881e-05
2018-01-22,1.82883062539756e-05,2.52688486970458e-05
2018-01-23,0.000295856683442411,0.000330939684429899
2018-01-24,0.000111868890051578,0.000146432807287377
2018-01-25,5.07572327134066e-05,7.64054797677531e-05
2018-01-26,2.27997660847913e-05,3.25679089785953e-05
2018-01-27,7.66167565779084e-06,0
2018-01-28,0.000482164449618879,0.000820197557435637
2018-01-29,0.00149604722484358,0.000515367168231463
2018-01-30,0.000895420346323681,0.000522385750016457
2018-01-31,0.000154810749183523,0.000202769919513446
2018-02-01,4.89647733261946e-05,0.000139231048986293
2018-02-02,0.000217273804383244,0.00026710969327527
2018-02-03,0.000761082114258079,0.00098495276795606
2018-02-04,0.00380803552798932,0.00497503986160984
2018-02-05,0.00204457578412609,0.000852869642519459
2018-02-06,0.00060759500205735,0.000329540789045959
2018-02-07,0.00882365259629923,0.00628706339708289
2018-02-08,0.00447499783188447,0.00229429512467785
2018-02-09,0.00116145102307724,0.000673274007989117
2018-02-10,0.00392478202284349,0.00726529840525812
2018-02-11,0.024400928200221,0.0110710563300679
2018-02-12,0.00791355680072232,0.00216665257939762
2018-02-13,0.00701009683229736,0.00982493520163564
2018-02-14,0.00143705569200653,0.000451491668993369
2018-02-15,0.000817094044347671,0.000341302115205894
2018-02-16,0.000461879095541814,0.000261706259091906
2018-02-17,0.000142485033636496,0.000117285248294239
2018-02-18,6.97635968067745e-05,0.00012355728478467
2018-02-19,0.000275597407795941,0.000405734458430022
2018-02-20,0.000257583872565806,0.000205204245846957
2018-02-21,0.000412916282501426,0.000225222630478227
2018-02-22,0.000800530293177905,0.000409018790491829
2018-02-23,0.0011021746901403,0.000264684390347529
2018-02-24,0.00187309955766658,0.000422159291550597
2018-02-25,0.00273641575456737,0.00106576852512873
2018-02-26,0.00308079862856753,0.000663122547841445
2018-02-27,0.00288925354038745,0.000619392320889335
2018-02-28,0.00288248641492126,0.00047418727964297
2018-03-01,0.00562439734540904,0.00170725235590406
2018-03-02,0.0071160141295007,0.00138286971991655
2018-03-03,0.00568204016058515,0.000741561604393296
2018-03-04,0.00466412564987267,0.000768143828786049
2018-03-05,0.00407332720979985,0.000632995031295967
2018-03-06,0.00425350963394586,0.000640944721684893
2018-03-07,0.00443037426646682,0.000687352615135966
2018-03-08,0.00427388052749772,0.00070430279969512
2018-03-09,0.00410533069695054,0.000767874453152573
2018-03-10,0.00364382516069591,0.000385851151797863
2018-03-11,0.00349629931342568,0.00057542427838645
2018-03-12,0.00560026791405275,0.00141344015606969
2018-03-13,0.00743763543751227,0.00183841565231181
2018-03-14,0.00887612074388664,0.000867506249469378
2018-03-15,0.00903446899010006,0.00145733470663825
2018-03-16,0.00933158329438763,0.00116479976304358
2018-03-17,0.00889736171454864,0.00344414815965901
2018-03-18,0.0156016439391751,0.00129152677105871
2018-03-19,0.0112353915812352,0.00352410990013654
2018-03-20,0.0258453615548752,0.00640917912500326
2018-03-21,0.0273055146658245,0.000919193325849387
2018-03-22,0.0256947084790031,0.00147641444871882
2018-03-23,0.0241771487284733,0.000956430190986137
2018-03-24,0.0246027862692191,0.00122713056871098
2018-03-25,0.0263005594008597,0.00105472436128472
2018-03-26,0.0245896986939364,0.00103398483004643
2018-03-27,0.0257913273065201,0.00102923048205768
2018-03-28,0.0261470451330309,0.000841757202360143
2018-03-29,0.0250664603545899,0.000722882380215711
2018-03-30,0.0264114059703725,0.00115557521004688
2018-03-31,0.0234465631087691,0.00128999952140617
2018-04-01,0.0222594145659143,0.000637878918143324
2018-04-02,0.0213571551032755,0.000452655439201932
2018-04-03,0.0208731567635039,0.000497227769537891
2018-04-04,0.0206554876420516,0.00116017269647288
2018-04-05,0.0195469979631308,0.00120344988827358
2018-04-06,0.0183635815029468,0.000819386888895551
2018-04-07,0.0180573304073078,0.000665803016047696
2018-04-08,0.0171577447244041,0.00110186888234114
2018-04-09,0.0160769474654442,0.000608009994119917
2018-04-10,0.0153027094499287,0.000752964743612264
2018-04-11,0.013950936924785,0.000574051373910247
2018-04-12,0.0132465136929584,0.000717097391952293
2018-04-13,0.0125385348327709,0.000618653450050426
2018-04-14,0.0118100612681402,0.000668999069882755
2018-04-15,0.0204914302392823,0.0164034183349539
2018-04-16,0.0441072097877122,0.00483445657480422
2018-04-17,0.0356825580257311,0.00239641106240581
2018-04-18,0.030056435389139,0.000922285227386009
2018-04-19,0.0295108451643212,0.00153262576170502
2018-04-20,0.0248567716133628,0.00145921876592141
2018-04-21,0.0220893911126448,0.000841736293198575
2018-04-22,0.0208260664528033,0.000624333953192155
2018-04-23,0.0202423024819704,0.0011017979653613
2018-04-24,0.0460469875746639,0.0130403260809552
2018-04-25,0.0851737066178814,0.00813325913560908
2018-04-26,0.0837790000342918,0.00244220524393742
2018-04-27,0.0807111966999781,0.00191426417270891
2018-04-28,0.0768761588569258,0.00134543694593892
2018-04-29,0.0714404484100214,0.00262884624375216
2018-04-30,0.0640610423896858,0.00237077499757398
2018-05-01,0.0567091682105835,0.00238115025909425
2018-05-02,0.0501831831609208,0.0017789210903014
2018-05-03,0.0458962052886811,0.00167424760482017
2018-05-04,0.0416659969690757,0.00157149954285894
2018-05-05,0.035669233973162,0.00126570295044599
2018-05-06,0.0327491102346328,0.00101255696775393
2018-05-07,0.03006940619929,0.00149601270624405
2018-05-08,0.0312747154779809,0.000996755425326331
2018-05-09,0.0279090270839191,0.000899355594788897
2018-05-10,0.0258485102524897,0.00105858850418336
2018-05-11,0.0247875463779044,0.000950671628322266
2018-05-12,0.0237862465497237,0.00116826068156958
2018-05-13,0.0218368530830794,0.0010216526562226
2018-05-14,0.0202502624532994,0.000985677636769694
2018-05-15,0.0206584424017653,0.00409843823085475
2018-05-16,0.0393968555665406,0.0250576105339918
2018-05-17,0.0994448600395102,0.0657478098250275
2018-05-18,0.138105241901781,0.0273975184475447
2018-05-19,0.129910821438442,0.016332252612392
2018-05-20,0.0999461714267762,0.00453819091876151
2018-05-21,0.0914438203963509,0.00132690544941918
2018-05-22,0.0928122694572422,0.0101281336219173
2018-05-23,0.0925872979132585,0.00175618960313225
2018-05-24,0.0879392082410061,0.00162791063464116
2018-05-25,0.086074120395663,0.00137637421721315
2018-05-26,0.0866480141356501,0.00253208110234801
2018-05-27,0.0920657748749048,0.00956535138115905
2018-05-28,0.095886774683513,0.00279458167109463
2018-05-29,0.0907801477883057,0.00102429317264753
2018-05-30,0.0894213388532322,0.00111128067020593
2018-05-31,0.0897459243129925,0.00554773708127574
2018-06-01,0.0913713325904484,0.00231893350279017
2018-06-02,0.0886267251376019,0.00178102113318814
2018-06-03,0.0866488648980824,0.00164175980785997
2018-06-04,0.0843305644135581,0.00120876854385121
2018-06-05,0.0835016386513783,0.00113974776696966
2018-06-06,0.0831498993053716,0.00121384626335364
2018-06-07,0.0821645721523666,0.00108977330421178
2018-06-08,0.0826030246091218,0.00176113907992369
2018-06-09,0.08226572695766,0.00149431336347322
2018-06-10,0.0622086308763728,0.0314746191126015
2018-06-11,0.0113830873139851,0.00219305081491981
2018-06-12,0.0077892391568527,0.000695218875708011
2018-06-13,0.00678230095903631,0.000456653056933339
2018-06-14,0.00761649603819306,0.000577720100308275
2018-06-15,0.0122673768495163,0.00230636986454998
2018-06-16,0.015479576042864,0.000895022548286939
2018-06-17,0.0155782269864247,0.000793758833812325
2018-06-18,0.0712686911305059,0.0226563690157992
2018-06-19,0.0814938563432082,0.00208776107155044
2018-06-20,0.0781923383607849,0.00151628743607046
2018-06-21,0.0738610240981162,0.0119436634661893
2018-06-22,0.0748033961366668,0.0032352149894843
2018-06-23,0.0593736973373854,0.00779701191949187
2018-06-24,0.0465149531787171,0.002291183803102
2018-06-25,0.0414000204755951,0.00110985226533398
2018-06-26,0.0408270320417113,0.00332587353552916
2018-06-27,0.0348996883581632,0.00255739075640684
2018-06-28,0.0282157585065456,0.00177105109935339
2018-06-29,0.022790756330631,0.00140926670821769
2018-06-30,0.0191017011575321,0.00123719888621312
2018-07-01,0.0154377231883334,0.00132013750810264
2018-07-02,0.0117108570625066,0.00113132286219752
2018-07-03,0.00894459814259046,0.00096143498929571
2018-07-04,0.00610976981810162,0.00100973199698501
2018-07-05,0.00328130208023668,0.00088975114172347
2018-07-06,0.00193477424433626,0.000378266296337947
2018-07-07,0.0014792020606673,0.000751494707063704
2018-07-08,0.000494273579222115,0.000182931790646448
2018-07-09,0.000395848746441533,0.000210483730937951
2018-07-10,0.000445423939997763,0.000251465245340307
2018-07-11,0.000487930708104503,0.000261730697388518
2018-07-12,0.00026674196326881,0.000194068430628164
2018-07-13,0.000175515733598269,0.000182684031068481
2018-07-14,0.000200346802630165,0.00019541637395736
2018-07-15,0.000286535069231264,0.000318601973935899
2018-07-16,0.000236482547849907,0.000215112601063233
2018-07-17,0.000806313932049871,0.00146084276294116
2018-07-18,0.000215190449979811,0.000184408129417384
2018-07-19,8.33567065907372e-05,0.000109499862571562
2018-07-20,5.42381149534919e-05,7.69256000550566e-05
2018-07-21,5.49453652241676e-05,0.000164831733021846
2018-07-22,0.000651897201583432,0.00116969354899394
2018-07-23,0.00264093226676449,0.00419746337296441
2018-07-24,0.00410703097140312,0.00236381061307839
2018-07-25,0.00632494298719235,0.00714563630527441
2018-07-26,0.00224844596781326,0.000785219728111375
2018-07-27,0.00123915521958671,0.00048675636218214
2018-07-28,0.000744221100423043,0.000380045251703219
2018-07-29,0.000405467912645324,0.00023661808780186
2018-07-30,0.000449572445991947,0.000293891612586489
2018-07-31,0.000645231220914637,0.000485140209234893
2018-08-01,0.00150479792476741,0.000995671477462979
2018-08-02,0.00910756192572017,0.0129599668833901
2018-08-03,0.00612610191283194,0.00298132413749003
2018-08-04,0.00306639681663795,0.00113922623423574
2018-08-05,0.00119171153461349,0.000529651534298772
2018-08-06,0.000637740716507424,0.00029588421142118
2018-08-07,0.000590716109653655,0.000273908354740599
2018-08-08,0.000494950305508328,0.000279537970728444
2018-08-09,0.00034986128425105,0.000265836470397637
2018-08-10,0.000229682919523421,0.000195890968752723
2018-08-11,0.000311003555844944,0.00022502062553459
2018-08-12,0.000397210431673746,0.000284850618398974
2018-08-13,0.000264289417412435,0.000204698871363185
2018-08-14,0.000151994885032893,0.000130158782828997
2018-08-15,0.000103912148812432,0.00010462726712611
2018-08-16,0.000123946775107551,0.00017187275133608
2018-08-17,0.00011186729283665,0.000167520639316209
2018-08-18,0.00363405511754768,0.0102025882990669
2018-08-19,0.00059087123906097,0.000468619542290837
2018-08-20,0.000200792806892266,9.53846159191655e-05
2018-08-21,0.00343810776128475,0.00614742360271294
2018-08-22,0.00119796743984804,0.000835725575290204
2018-08-23,0.000182076058321614,0.000215341152516716
2018-08-24,5.30988588345559e-05,7.63445461664648e-05
2018-08-25,8.35020246081043e-05,0.000115849874635559
2018-08-26,9.93610724018193e-05,0.00010122129834602
2018-08-27,0.000257366687434201,0.000340183584245056
2018-08-28,0.000221941502947882,0.000281643124643096
2018-08-29,0.000143200326015505,0.000195465797005496
2018-08-30,0.00104412634174282,0.00141347152946743
2018-08-31,0.000176925362838525,0.000150114838979507
2018-09-01,0.00014950067214879,0.000244889818135832
2018-09-02,0.000112520123993001,0.000162996398464053
2018-09-03,0.000128611804210627,0.000203750818295991
2018-09-04,7.71955065274625e-05,0.000124012910665311
2018-09-05,3.62860107697587e-05,6.44018888700099e-05
2018-09-06,5.02095026037371e-05,9.72708549853296e-05
2018-09-07,1.96104211368561e-05,3.13608579973737e-05
2018-09-08,0.0035133957361122,0.00936282531228982
2018-09-09,0.0131943768688011,0.0153329538333335
2018-09-10,0.00511813980577364,0.00464970088121214
2018-09-11,0.000853049372218111,0.0002750830694621
2018-09-12,0.00178749195559869,0.000965601049903619
2018-09-13,0.000634058083032171,0.000228632435700407
2018-09-14,0.000345360342971652,0.000136405163663708
2018-09-15,0.000362080060175754,0.00024090838822948
2018-09-16,0.00523378562825425,0.00805687685067684
2018-09-17,0.0462569095269851,0.0311118281009244
2018-09-18,0.00801907231102653,0.00313890575767764
2018-09-19,0.00230066721985363,0.000870852046900619
2018-09-20,0.000826383476926306,0.000262745544396018
2018-09-21,0.000464150366085887,0.000210904741511695
2018-09-22,0.0100822319383329,0.0168796341948714
2018-09-23,0.0581963544287351,0.0356973566761571
2018-09-24,0.0123550922349871,0.00336818147821167
2018-09-25,0.00582123940624234,0.00128058197759767
2018-09-26,0.00403795042686413,0.000524914397588434
2018-09-27,0.00841745974479238,0.0048502018895522
2018-09-28,0.0153703817210465,0.00126834011443998
2018-09-29,0.0116193072217087,0.00144317533651705
2018-09-30,0.00813408026489215,0.000518136123864278
2018-10-01,0.0070539187879288,0.000510988234316208
2018-10-02,0.00604091363183883,0.000453338140622772
2018-10-03,0.00521662908687641,0.000551660615218908
2018-10-04,0.00407616001577651,0.000621812794522553
2018-10-05,0.00262775674904058,0.000407871169069324
2018-10-06,0.00193420196145285,0.000191568691375151
2018-10-07,0.00177035377165046,0.000362002815685768
2018-10-08,0.00118179421620944,0.000258654441754968
2018-10-09,0.00132305290292819,0.0009364754601485
2018-10-10,0.00379075932875259,0.00251720371439435
2018-10-11,0.108592613203453,0.0854474932574772
2018-10-12,0.0988413672504553,0.0138467337203715
2018-10-13,0.075408171545316,0.00314675172351255
2018-10-14,0.0714428152147309,0.00127511667116443
2018-10-15,0.0762544183619944,0.00680536390682497
2018-10-16,0.0793065818325701,0.00188465325828844
2018-10-17,0.0712085669767384,0.0040550158694283
2018-10-18,0.0593658046971554,0.00445406082192029
2018-10-19,0.0469604597788838,0.00346807182527653
2018-10-20,0.0401147709849642,0.00232193555254762
2018-10-21,0.0335334558433809,0.00361165921680333
2018-10-22,0.026833244882024,0.00137658839659311
2018-10-23,0.0245965611740001,0.00191458608899666
2018-10-24,0.0214542047199261,0.000898142219994888
2018-10-25,0.0192549727151365,0.0011886534684463
2018-10-26,0.0244449766529779,0.00851090963467993
2018-10-27,0.0284943170347912,0.00228935638213366
2018-10-28,0.0232402944343782,0.00123624925267537
2018-10-29,0.0206788288228745,0.00106461900213385
2018-10-30,0.018605424560233,0.000886890257222319
2018-10-31,0.0166761170989246,0.00105866559382173
2018-11-01,0.0145583776282714,0.000577967764614454
2018-11-02,0.0178236265269932,0.00462798322013303
2018-11-03,0.0176596013231129,0.00142916253035103
2018-11-04,0.0145690828126345,0.00113776019000414
2018-11-05,0.0141932118283668,0.00066105987798293
2018-11-06,0.0152823363617449,0.00122028361773609
2018-11-07,0.0145815789683706,0.000708089561740182
2018-11-08,0.0119239899559392,0.00108620602464026
2018-11-09,0.011861287483683,0.000984630893827115
2018-11-10,0.0112740220300583,0.000937287273887957
2018-11-11,0.00932918792691108,0.00110100000795376
2018-11-12,0.0146608726831103,0.0106541760434435
2018-11-13,0.0330302039025589,0.00261197108964328
2018-11-14,0.0267835259913856,0.00179431723087809
2018-11-15,0.0621134141320338,0.0333573451393324
2018-11-16,0.0811586276485326,0.0047409490852633
2018-11-17,0.0718804491688822,0.00343076654509627
2018-11-18,0.0666922289484121,0.00281702787976448
2018-11-19,0.0657211078874415,0.00286823295235177
2018-11-20,0.0598917391885026,0.00381217653402934
2018-11-21,0.0513672788172731,0.00251132430402182
2018-11-22,0.0452026252946171,0.0028670699363981
2018-11-23,0.0388785111943504,0.00253411217689716
2018-11-24,0.0535367231842583,0.0142525465910322
2018-11-25,0.0571330853884223,0.00235919366691036
2018-11-26,0.0520338213758365,0.0035394646266003
2018-11-27,0.0494245866111014,0.00241125831240234
2018-11-28,0.0451205393241585,0.0033364027053084
2018-11-29,0.0408616783887854,0.00297107130876742
2018-11-30,0.0386981267946879,0.00126465767660443
2018-12-01,0.0378276700880415,0.00153247507604855
2018-12-02,0.0346056373439087,0.00267465011591073
2018-12-03,0.03438595383187,0.00201821261485055
2018-12-04,0.0308995220170695,0.0017264132978043
2018-12-05,0.0290828408322619,0.00106362133772166
2018-12-06,0.0265241177378104,0.00135724265491085
2018-12-07,0.0247670597027332,0.000948895830959397
2018-12-08,0.0230154147412625,0.000877883269833769
2018-12-09,0.0278953270661561,0.00368658829641986
2018-12-10,0.0295543857086743,0.00118851074193386
2018-12-11,0.0280169472264815,0.00195362447565879
2018-12-12,0.0256866898920201,0.000938957910893899
2018-12-13,0.0251630955872692,0.00108318308538646
2018-12-14,0.0341436854907235,0.0136701394617325
2018-12-15,0.0734282699061025,0.00817039167133436
2018-12-16,0.0887219087384944,0.00348943292523684
2018-12-17,0.0880088906888619,0.00324647012585972
2018-12-18,0.0883123539807436,0.0032321694935391
2018-12-19,0.0839090709115665,0.00240236733636829
2018-12-20,0.0949116243972192,0.0181059941734152
2018-12-21,0.114971315892049,0.00441132861112459
2018-12-22,0.101267931861544,0.00348606321041526
2018-12-23,0.0933771308498022,0.00330404243895746
2018-12-24,0.0899456624686424,0.00220516775919527
2018-12-25,0.0874273259170879,0.00192081338060615
2018-12-26,0.0852664825021541,0.00192665913062536
2018-12-27,0.083566178794811,0.00171810155920423
2018-12-28,0.102028138425877,0.00901557898820975
2018-12-29,0.097488222199053,0.00364377843440278
2018-12-30,0.0906601531969441,0.00208933859744855
2018-12-31,0.0848152645507504,0.00365820498149312
2019-01-01,0.0831883837559745,0.00233134353576562
2019-01-02,0.0814202790236014,0.00133361034390613
2019-01-03,0.082077551346883,0.00183766504657713
2019-01-04,0.081717851300821,0.00153354723381657
2019-01-05,0.0816827389218987,0.00276579064111806
2019-01-06,0.079409011986743,0.00145404440380607
2019-01-07,0.0787235992382615,0.00128301859231134
2019-01-08,0.0786830599362954,0.0019523387326988
2019-01-09,0.0797661789636454,0.00381224498264646
2019-01-10,0.0860586285451183,0.00317398316516375
2019-01-11,0.0821211364670433,0.00372828583307077
2019-01-12,0.0783740910916839,0.00178017775313428
2019-01-13,0.0785891063649383,0.00234889383536698
2019-01-14,0.0721919208225711,0.0027429403042415
2019-01-15,0.073367613353198,0.00183696496204085
2019-01-16,0.0704493092899096,0.00282865023151838
2019-01-17,0.0658087161721587,0.0024914701529389
2019-01-18,0.0629337847754434,0.00149662405659711
2019-01-19,0.0616611645121955,0.00390568945934716
2019-01-20,0.0823935464808807,0.00713043818808624
2019-01-21,0.0800659096652113,0.0049727012283569
2019-01-22,0.0691193723654281,0.00399707780692629
2019-01-23,0.0631226831564825,0.00157549157746785
2019-01-24,0.0759310779786656,0.00642432839908288
2019-01-25,0.079934258069485,0.0021251969690862
2019-01-26,0.0766839886174015,0.00244464893080802
2019-01-27,0.0699261041710598,0.00359201852738385
2019-01-28,0.0632975261349174,0.00366466382710561
2019-01-29,0.0603493505178281,0.00252349531728407
2019-01-30,0.0586950066803696,0.00257991400276756
2019-01-31,0.0554665130185243,0.00269951557285655
2019-02-01,0.0520626162026227,0.00181526710257436
2019-02-02,0.0508628436463789,0.00175090211739642
2019-02-03,0.0496841180726074,0.00159087640129049
2019-02-04,0.0481876845027251,0.00185910854918028
2019-02-05,0.0462154994608621,0.00089326053704508
2019-02-06,0.0440215522137818,0.00114027445645835
2019-02-07,0.0445427008890097,0.00119293281178996
2019-02-08,0.04239370324173,0.0017903034706527
2019-02-09,0.0385919215767203,0.00213204138753337
2019-02-10,0.0357777988681981,0.00162439086215661
2019-02-11,0.0378423275924083,0.00130259568276874
2019-02-12,0.0475433676697978,0.00451185096362657
2019-02-13,0.0503401684132476,0.0023993356542892
2019-02-14,0.0457834557259028,0.00252765984253526
2019-02-15,0.0433561178611484,0.00125414579174278
2019-02-16,0.0475539952161992,0.0033563276478623
2019-02-17,0.0512226062212196,0.00318111266331894
2019-02-18,0.0639993430780456,0.00185699142163699
2019-02-19,0.0602797951976861,0.00187193774641152
2019-02-20,0.076721385907449,0.0126015105383583
2019-02-21,0.100671699167367,0.00680808972847038
2019-02-22,0.113435990891451,0.00396365082034898
2019-02-23,0.132882303224826,0.00655456897866124
2019-02-24,0.121839792182597,0.00687179129002117
2019-02-25,0.102659361987564,0.00525979390618571
2019-02-26,0.0975173646609568,0.00255939052583602
2019-02-27,0.0923175598801408,0.00198443879207951
2019-02-28,0.0866666528773928,0.00493048257506042
2019-03-01,0.0862251281430811,0.00535175806392351
2019-03-02,0.0875197442146708,0.00178919162929533
2019-03-03,0.086560473328963,0.00304508160639738
2019-03-04,0.0914579253429569,0.00311469742623708
2019-03-05,0.0880428841528201,0.002837298308187
2019-03-06,0.0866699351376728,0.00237172119833944
2019-03-07,0.0827609784531417,0.00240128613136048
2019-03-08,0.0817401185983477,0.00144279735748994
2019-03-09,0.0825032989311937,0.00168122531900997
2019-03-10,0.0804587330614051,0.00299356407561666
2019-03-11,0.0849624472959279,0.00139552669018845
2019-03-12,0.0831986542649659,0.00170633399012696
2019-03-13,0.0822961024751523,0.00244775616986993
2019-03-14,0.0824096320560776,0.00132919133242833
2019-03-15,0.0838050288283677,0.0018908133562849
2019-03-16,0.0841812248256821,0.00192082146784736
2019-03-17,0.0835749523615924,0.00187463241757574
2019-03-18,0.0841562171284379,0.00125689958454012
2019-03-19,0.0834755428852829,0.00189528062775361
2019-03-20,0.0828987440474809,0.00142871138732883
2019-03-21,0.0835507791441354,0.00261806947097536
2019-03-22,0.0828316949529558,0.00259827239766624
2019-03-23,0.0771886291542136,0.00224515869166713
2019-03-24,0.077657410474804,0.00204404592788992
2019-03-25,0.0755790674126833,0.00180603816500252
2019-03-26,0.0736395839679151,0.00368282719175329
2019-03-27,0.070147358396291,0.00237536206605716
2019-03-28,0.0696777179275063,0.00232840232428084
2019-03-29,0.0707902930271043,0.00141821210992674
2019-03-30,0.07129238180976,0.001606456839883
2019-03-31,0.0727425543721354,0.00297039210709201
2019-04-01,0.0765849547215454,0.00219922833838919
2019-04-02,0.0764276337519634,0.00209539701224119
2019-04-03,0.071941769269662,0.00311179994730577
2019-04-04,0.0638390696016102,0.00255286597018167
2019-04-05,0.0605844055773199,0.00207543345246075
2019-04-06,0.0597376866440378,0.00184591834222776
2019-04-07,0.0548417363909569,0.00187735156131103
2019-04-08,0.0631603237853037,0.0139396990944354
2019-04-09,0.0702835273195518,0.00336100825570366
2019-04-10,0.0620401438658627,0.00186142027968448
2019-04-11,0.0560435259765471,0.0018138946095868
2019-04-12,0.0571927251640399,0.00312016228154665
2019-04-13,0.0670930496906237,0.0043095279259082
2019-04-14,0.116442419384328,0.0731005976171022
2019-04-15,0.142390371343835,0.0347772197905774
2019-04-16,0.0982517953231907,0.00400196960947841
2019-04-17,0.09319514115907,0.00151540523019954
2019-04-18,0.0909315269425047,0.00141231054515297
2019-04-19,0.0962950883274091,0.00677301746339344
2019-04-20,0.0983514066810338,0.00523283307582746
2019-04-21,0.0912192124092088,0.00202608707515998
2019-04-22,0.0908041840319965,0.00236540559267853
2019-04-23,0.0920854665463056,0.00159507091458114
2019-04-24,0.0909934063292817,0.00115726221175798
2019-04-25,0.0892575414499241,0.00127484907145122
2019-04-26,0.0906563060691639,0.00258456980541167
2019-04-27,0.0889315302454377,0.00176098572649329
2019-04-28,0.0902132783505676,0.00227827622824663
2019-04-29,0.0877670704479848,0.00150513039335157
2019-04-30,0.0888998709925309,0.00170209533006566
2019-05-01,0.0889997952460867,0.00139377207507913
2019-05-02,0.0882501167528037,0.00146455274883454
2019-05-03,0.0873532718237704,0.00123853763571
2019-05-04,0.0859056778846826,0.00167042502922037
2019-05-05,0.0838282141224032,0.00191911509890284
2019-05-06,0.080707273991262,NA
2019-05-07,0.0758100749162654,0.00195360776566705
2019-05-08,0.0703010822058721,0.00253603656610719
2019-05-09,0.0644373964198763,0.00214538991761588
2019-05-10,0.0578133618369813,0.002147457792703
2019-05-11,0.055558864737641,0.00377265972882708
2019-05-12,0.0609128285889346,0.00488818492573407
2019-05-13,0.0604004487334893,0.00272249945639658
2019-05-14,0.0540476149805579,0.00295186633890668
2019-05-15,0.0473747308712462,0.00232635909017498
2019-05-16,0.0423178060178736,0.00201876929466755
2019-05-17,0.0382421709123959,0.00264534705675879
2019-05-18,0.034607711365905,0.00168057801039683
2019-05-19,0.031481421039971,0.00157560362702952
2019-05-20,0.0287736087167529,0.00159308292256795
2019-05-21,0.0257097247768271,0.00143192140178172
2019-05-22,0.0232717520548269,0.00100135994476036
2019-05-23,0.0229381683256342,0.00133852422064203
2019-05-24,0.0218167191702375,0.00127391987930206
2019-05-25,0.0218068827228058,0.00505306200503403
2019-05-26,0.0233613552139005,0.00320844657876499
2019-05-27,0.0247875887646663,NA
2019-05-28,0.0224183503731333,0.00137436857664687
2019-05-29,0.0213060031393647,0.00173569068505042
2019-05-30,0.0206615638048905,0.00143517564271957
2019-05-31,0.0204958817326786,0.00611083500182458
2019-06-01,0.0204240546463565,0.00170557457445449
2019-06-02,0.0182488527179912,0.00131957141406014
2019-06-03,NA,NA
2019-06-04,NA,NA
2019-06-05,NA,NA
2019-06-06,NA,NA
2019-06-07,0.0338562819384229,NA
2019-06-08,0.062937386814923,0.0142272353829707
2019-06-09,0.0624954109278124,0.00217059215706331
2019-06-10,0.069198262682092,0.0153465169973163
2019-06-11,0.0780637722242066,0.00555428707125119
2019-06-12,0.0659694926394583,0.00291284998084773
2019-06-13,0.0605308351970893,0.00264310035435486
2019-06-14,0.0496075199274885,0.0036036651670177
2019-06-15,0.0433202864703393,0.00111669416764462
2019-06-16,0.0410624837136425,0.00105322138991175
2019-06-17,0.0407871603994167,0.000923543175841104
2019-06-18,0.0379271331317588,0.00102507525024935
2019-06-19,0.0362822660154637,0.000974492976983691
2019-06-20,0.0349581129306154,0.00125623470654418
2019-06-21,0.0305144563834593,0.00146147766095398
2019-06-22,0.0275088951053318,0.000960453651305049
2019-06-23,0.0253214927275918,0.00102399034346363
2019-06-24,0.0262742879383041,0.0105072092298483
2019-06-25,0.0303204738730602,0.00241437180315368
2019-06-26,0.0259604364084538,0.00125430770742295
2019-06-27,0.0221219946049056,0.0129356951332216
2019-06-28,0.0270666907024987,0.0139162434836769
2019-06-29,0.0182136951541772,0.00866669868170887
2019-06-30,0.00966575821825529,0.00115904433833837
2019-07-01,0.00823758835163604,0.00110693831869338
2019-07-02,0.0145030152725965,0.01914068196525
2019-07-03,0.013197262989574,0.00139474629939895
2019-07-04,0.0124990984036431,0.00228531092031548
2019-07-05,0.0116382577784365,0.000823705317305926
2019-07-06,0.00975274737936971,0.000710606177330476
2019-07-07,0.00829447571250145,0.000443118006647642
2019-07-08,0.00810258847390113,0.0030139752411833
2019-07-09,0.00794548647553672,0.000835161994371503
2019-07-10,0.00658733414275964,0.000536241987952776
2019-07-11,0.00738350563932745,0.00162987765767686
2019-07-12,0.00679798407560647,0.000713724296062562
2019-07-13,0.00634561857277337,0.000573941057234559
2019-07-14,0.00575535482756702,0.000643385700795219
2019-07-15,0.00654182146880722,0.000567504061998193
2019-07-16,0.00620872788495359,0.00038890949508738
2019-07-17,0.00653392253242857,0.00108456457202145
2019-07-18,0.00689358717156812,0.00185227242177507
2019-07-19,0.00608731759895417,0.000615066761984684
2019-07-20,0.00592213905135646,0.000569415899697777
2019-07-21,0.00779146657746045,0.00255088884362712
2019-07-22,0.00832815624001474,0.00218394831357919
2019-07-23,0.0146257233128378,0.00534700875252401
2019-07-24,0.0102524982857344,0.00117001186412426
2019-07-25,0.00862401115378001,0.000887423188089202
2019-07-26,0.00831992599207019,0.000877992322557637
2019-07-27,0.00805119643544229,0.000626384022599433
2019-07-28,0.00800091916584294,0.000684476678651721
2019-07-29,0.00752913358383458,0.000837279308426662
2019-07-30,0.00882030676282397,0.00337225267598826
2019-07-31,0.0144872061491775,0.0200077043577022
2019-08-01,0.0117283951041667,0.008778016512058
2019-08-02,0.0106941483541667,0.00230918172033307
2019-08-03,0.00782615164583333,0.000573330400332561
2019-08-04,0.00699260090625,0.000588110326884444
2019-08-05,0.00649127053125,0.000307297169220591
2019-08-06,0.0432476271875,0.0256505059551675
2019-08-07,0.0271449079166667,0.00158868614563761
2019-08-08,0.0233884154166667,0.00144071036539393
2019-08-09,0.0204058296875,0.00105993293057473
2019-08-10,0.017078095625,0.00111740281744844
2019-08-11,0.0146055538541667,0.00121813912193569
2019-08-12,0.0109625301666667,0.00160785284432544
2019-08-13,0.00840307223958333,0.000600012170169445
2019-08-14,0.00681839058333333,0.000511221410034885
2019-08-15,0.00898939555208333,0.00544888761557659
2019-08-16,0.00964746338541667,0.0015264467900235
2019-08-17,0.00826982175,0.000929035595311272
2019-08-18,0.00677086447916667,0.000686729706641925
2019-08-19,0.00611542022916667,0.000478584802472709
2019-08-20,0.00580463085416667,0.000382020586791643
2019-08-21,0.00548403533333333,0.000531665954977919
2019-08-22,0.00552245802083333,0.000531443267514575
2019-08-23,0.0102669321979167,0.0150297016342551
2019-08-24,0.0103028616354167,0.00338759465288606
2019-08-25,0.00719031902083333,0.000403984351826782
2019-08-26,0.00648905070833333,0.000315166955903222
2019-08-27,0.00708117740625,0.000683658018183862
2019-08-28,0.00635046735416667,0.000470348725243593
2019-08-29,0.00676325998958333,0.000608997593262265
2019-08-30,0.0063992483125,0.000631661753860508
2019-08-31,0.00633269647916667,0.000521905325482314
2019-09-01,0.00666338792708333,0.000487343393247453
2019-09-02,0.00612764571875,0.000695493268467234
2019-09-03,0.005521431875,0.000445264852602731
2019-09-04,0.00547961541666667,0.000513063541963754
2019-09-05,0.00545566184375,0.000226088441545214
2019-09-06,0.00559371827083333,0.00062256310248543
2019-09-07,0.00547763994791667,0.000377707121429857
2019-09-08,0.00563647038541667,0.000523203499445772
2019-09-09,0.00535566253125,0.000300677144595887
2019-09-10,0.00559789408333333,0.000235118505645341
2019-09-11,0.00580492619791667,0.000570582877156936
2019-09-12,0.00662415742708333,0.00171771012797226
2019-09-13,0.00601012697916667,0.000465951664982267
2019-09-14,0.006513984,0.00032249751507511
2019-09-15,0.00609322915625,0.000402388245545056
2019-09-16,0.00568287596875,0.000582926573529579
2019-09-17,0.00547791771875,0.000365228430449989
2019-09-18,0.00537683178125,0.000236528365820708
2019-09-19,0.00548025957291667,0.000230101486500642
2019-09-20,0.00552379291772888,0.000467386937446225
2019-09-21,0.00532522820833333,0.000333722710021451
2019-09-22,0.00528344021875,0.000488600291044061
2019-09-23,0.00502511190625,0.000335713378334338
2019-09-24,0.00504783167708333,0.000434080055446615
2019-09-25,0.00519955373958333,0.000363645082020433
2019-09-26,0.00504916022916667,0.000200187993640792
2019-09-27,0.005153992,0.000332921452318743
2019-09-28,0.00535049334375,0.000302694069256449
2019-09-29,0.00525735886458333,0.000397717575127181
2019-09-30,0.0050650283125,0.000226987623165684
2019-10-01,0.00515782744791667,0.000325636609017956
2019-10-02,0.00493172228125,0.000329994512406198
2019-10-03,0.0048257909375,0.000398561711872335
2019-10-04,0.00460640607291667,0.000345802484921766
2019-10-05,0.00490865052083333,0.00019348139391313
2019-10-06,0.00639557273958333,0.00165482266988411
2019-10-07,0.00554507176041667,0.000101386386681608
2019-10-08,0.00683199476041667,0.00179511716490556
2019-10-09,0.00597641508333333,0.000375788120644422
2019-10-10,0.00561063619791667,0.000264256125905576
2019-10-11,0.005623717875,0.000232465213585592
2019-10-12,0.00544315944791667,0.000188689751718298
2019-10-13,0.00539748891666667,0.000104406413499582
2019-10-14,0.00543195695833333,0.00034258070057691
2019-10-15,0.00515092084375,0.000273620261221213
2019-10-16,0.00987188964583333,0.00590600189877148
2019-10-17,0.0064045574375,0.00113886493824135
2019-10-18,0.00579033033333333,0.00023374094842713
2019-10-19,0.00572330165625,0.000171141524753104
2019-10-20,0.01885072275,0.0138689786453191
2019-10-21,0.00719559630208333,0.000452426768504418
2019-10-22,0.0114066310416667,0.00602882509307953
2019-10-23,0.00782585373958333,0.000742653092822813
2019-10-24,0.00664585272916667,0.000400574243282828
2019-10-25,0.00634008386458333,0.00017870690746987
2019-10-26,0.00630196595833333,0.000296331152847831
2019-10-27,0.0168416198229167,0.00903322028681689
2019-10-28,0.0083413800625,0.000804641309820336
2019-10-29,0.00707981083333333,0.000148289944797394
2019-10-30,0.0091984716875,0.00313108744330707
2019-10-31,0.0205177407291667,0.0210640646092648
2019-11-01,0.0156369847916667,0.00443262425538736
2019-11-02,0.00952220538541667,0.000947890056159339
2019-11-03,0.00818996202083333,0.000288011775135121
2019-11-04,0.00773502667708333,0.000331916734183407
2019-11-05,0.00729660359375,0.000305326145858062
2019-11-06,0.00704336285416667,0.000257166306718557
2019-11-07,0.0070589801875,0.000165725628967012
2019-11-08,0.0072136529375,0.000252973376834373
2019-11-09,0.00707737778125,0.000285699106023626
2019-11-10,0.0069326933125,0.000349195821305929
2019-11-11,0.006766599375,0.000213950297266605
2019-11-12,0.0074984409375,0.000425269653512731
2019-11-13,0.00716866348958333,0.000353956075253889
2019-11-14,0.00697491538541667,0.000281090678824856
2019-11-15,0.00695708486458333,0.000188518135796819
2019-11-16,0.00701322130208333,0.000234346899495918
2019-11-17,0.00708091884375,0.000137531872684295
2019-11-18,0.00769468389583333,0.00109597347597121
2019-11-19,0.00734089761458333,0.000254088701275149
2019-11-20,0.00705602078125,0.000213641029805616
2019-11-21,0.00681693730208333,0.000191051012614026
2019-11-22,0.00697390132291667,0.000238300254441435
2019-11-23,0.00834125608333333,0.00191531658585207
2019-11-24,0.00908422416666667,0.00135631177732671
2019-11-25,0.00756182754166667,0.000438832978844401
2019-11-26,0.00710932992708333,0.000272737102856878
2019-11-27,0.00809745064583333,0.00111948899584471
2019-11-28,0.0077989229375,0.000372314053741329
2019-11-29,0.00733192054166667,0.000305725556914003
2019-11-30,0.00871607944791667,0.00127832359653372
2019-12-01,0.02400523515625,0.0116223644419688
2019-12-02,0.0146070566666667,0.00208934115458925
2019-12-03,0.0108024242291667,0.000923311145498514
2019-12-04,0.00892003441666667,0.000619505541696647
2019-12-05,0.0140568837395833,0.00119803636067586
2019-12-06,0.0123439908854167,0.00418648772663932
2019-12-07,0.00755870264583333,0.000216443051436338
2019-12-08,0.00742961967708333,0.000239348541619186
2019-12-09,0.0104657583020833,0.00269498350089135
2019-12-10,0.00974636052083333,0.000439537912835286
2019-12-11,0.00974373244791667,0.000747559320654704
2019-12-12,0.00877299357291667,0.000368910743470152
2019-12-13,0.0109083416770833,0.0018709155277277
2019-12-14,0.0187333691666667,0.00411599715321641
2019-12-15,0.0145008239583333,0.00142059479806207
2019-12-16,0.011190871875,0.000656234272215443
2019-12-17,0.0102650882604167,0.000394358654828164
2019-12-18,0.00928764430208333,0.000523437883995983
2019-12-19,0.00861933067708333,0.000482423122409353
2019-12-20,0.00809185462886598,0.000364590143080222
2019-12-21,0.00784086233333333,0.000408296710159753
2019-12-22,0.00763820520833333,0.00035928065792343
2019-12-23,0.00751151954166667,0.000348625935402913
2019-12-24,0.00759981164583333,0.000413403042943094
2019-12-25,0.00742068159375,0.000426645418473383
2019-12-26,0.0074301795625,0.000406372571730809
2019-12-27,0.00707492420833333,0.000332723208154701
2019-12-28,0.00701852921875,0.00038439624896374
2019-12-29,0.0072484879375,0.000623506860730106
2019-12-30,0.00792307628125,0.000538247439323641
2019-12-31,0.0073472215625,0.000354591771521052
2020-01-01,0.00716750622916667,0.000357115132602343
2020-01-02,0.00684664547916667,0.000402531033739028
2020-01-03,0.00807542472916667,0.000726286022322777
2020-01-04,0.00887554588541667,0.00208995105964211
2020-01-05,0.00835487564583333,0.000661954782829971
2020-01-06,0.00762745258333333,0.000295067811378572
2020-01-07,0.0079214600625,0.000775715677380325
2020-01-08,0.00762935302083333,0.000367754375422938
2020-01-09,0.007350523,0.00048863596631129
2020-01-10,0.00708680039583333,0.000202352162870757
2020-01-11,0.0108654548541667,0.00389880413961214
2020-01-12,0.0302010158333333,0.0140295706004247
2020-01-13,0.0153047576041667,0.00173810327164366
2020-01-14,0.0116387855208333,0.000937041580984784
2020-01-15,0.00991317575,0.000611520544643113
2020-01-16,0.00920495226041667,0.000439797320404901
2020-01-17,0.00871969094791667,0.000519712754551637
2020-01-18,0.00870809434375,0.000748334329047875
2020-01-19,0.00964763807291667,0.000958382511625623
2020-01-20,0.0104354054166667,0.000635977686612016
2020-01-21,0.0105741418541667,0.00178389037906749
2020-01-22,0.00973008326041667,0.000385241653629025
2020-01-23,0.00942513891666667,0.000361130687954161
2020-01-24,0.0159714606145833,0.0112064939977918
2020-01-25,0.0245615747916667,0.00550262220723557
2020-01-26,0.0156218802083333,0.00146931819409797
2020-01-27,0.0121452486458333,0.00082196610469445
2020-01-28,0.0106571285520833,0.000481841704420945
2020-01-29,0.009621392625,0.000335226275215138
2020-01-30,0.00899619546875,0.000242390305361196
2020-01-31,0.00870968192233982,0.000286477019887497
2020-02-01,0.00848504079166667,0.00028047427341393
2020-02-02,0.00817301521875,0.000371747435500112
2020-02-03,0.00785791235416667,0.000248151243227104
2020-02-04,0.00778637183333333,0.000289038044331762
2020-02-05,0.00940096111458333,0.00203909338848879
2020-02-06,0.0434174193333333,0.0267895181031172
2020-02-07,0.0480951595833333,0.00903248945335471
2020-02-08,0.0258530157291667,0.00367933725168792
2020-02-09,0.0179478047916667,0.00184978577340187
2020-02-10,0.0159175539583333,0.00128094273319012
2020-02-11,0.0164113684375,0.00126342611391767
2020-02-12,0.016024786875,0.000864523366929416
2020-02-13,0.0208217511458333,0.00175721801519985
2020-02-14,0.0196890954166667,0.000799719900196532
2020-02-15,0.0167123771875,0.00120479421869437
2020-02-16,0.0148079288541667,0.000646689710528074
2020-02-17,0.0134777435416667,0.000750495786304632
2020-02-18,0.012734815,0.000523523169941181
2020-02-19,0.0123310841666667,0.000986111130762672
2020-02-20,0.0109897821979167,0.000489912554803999
2020-02-21,0.0107312613125,0.000465157240881931
2020-02-22,0.0104169722395833,0.00049436994136677
2020-02-23,0.0101236924375,0.000409483201778838
2020-02-24,0.0101761921354167,0.000426168452818974
2020-02-25,0.01104635871875,0.00111318606721545
2020-02-26,0.0107149263854167,0.00122623337759741
2020-02-27,0.0105853237916667,0.000512709717220222
2020-02-28,0.0100350329791667,0.000265755657033337
2020-02-29,0.0100163046354167,0.000331257313435663
2020-03-01,0.00950488408333333,0.000428179698069586
2020-03-02,0.00935494330208333,0.000370056936838903
2020-03-03,0.00981905830208333,0.000728261920006476
2020-03-04,0.00924200196875,0.000348969387119014
2020-03-05,0.0091988348125,0.000363686661510509
2020-03-06,0.00962105226041667,0.000455492669424547
2020-03-07,0.00929980660416667,0.000449558013245185
2020-03-08,0.00882464580434783,0.000346998443568706
2020-03-09,0.00879953077083333,0.000295076075114394
2020-03-10,0.00898148501041667,0.000300792307305591
2020-03-11,0.00899884751041667,0.000228614483503837
2020-03-12,0.00884285378125,0.00026566939742288
2020-03-13,0.0123101345104167,0.00353527400436101
2020-03-14,0.00990866346875,0.000574773741599339
2020-03-15,0.01056265965625,0.00060069498332914
2020-03-16,0.00995391364583333,0.000332231599347487
2020-03-17,0.00988404228125,0.000239282197572775
2020-03-18,0.00974055610416667,0.000721698387154845
2020-03-19,0.0105358375,0.000728034608283945
2020-03-20,0.0104088716354167,0.000598249091560964
2020-03-21,0.0105873912916667,0.000476137731017776
2020-03-22,0.00963785853125,0.000257896039672535
2020-03-23,0.0120042938333333,0.0012040324649517
2020-03-24,0.0113417879375,0.00109945514388787
2020-03-25,0.0268251208333333,0.0043328255089478
2020-03-26,0.0192688804166667,0.00177694112935088
2020-03-27,0.0155388646875,0.000936283004299957
2020-03-28,0.01303811875,0.00068299035000542
2020-03-29,0.0120376403541667,0.000612714729643017
2020-03-30,0.0108719333854167,0.000404467337777019
2020-03-31,0.0145763071458333,0.00497588362621214
2020-04-01,0.0157646166666667,0.000967718835776794
2020-04-02,0.01391937125,0.000463121131753147
2020-04-03,0.0127783345833333,0.000413106732893486
2020-04-04,0.01202200125,0.000304444619301408
2020-04-05,0.0114234,0.000188038976760279
2020-04-06,0.0112775446875,0.000240404108157179
2020-04-07,0.0110819277083333,0.000244186421483256
2020-04-08,0.0111745608333333,0.000553802885013539
2020-04-09,0.0109183378958333,0.000686583640796777
2020-04-10,0.0104361162916667,0.000384823281827275
2020-04-11,0.00994471642708333,0.000328730714014429
2020-04-12,0.0116394854895833,0.00398645843885671
2020-04-13,0.112623768958333,0.0317360543175701
2020-04-14,0.0937015035416667,0.00285689124213973
2020-04-15,0.0920996189583333,0.00292399417676844
2020-04-16,0.0867687696875,0.00214019514612912
2020-04-17,0.0807242073958333,0.00279668300955906
2020-04-18,0.0772397890625,0.00173192044890914
2020-04-19,0.069019900625,0.00355794587478012
2020-04-20,0.0665935551041667,0.0019752874269315
2020-04-21,0.0612251354166667,0.00230521906225938
2020-04-22,0.053374046875,0.0022168184963251
2020-04-23,0.0494008445833333,0.00132457533792685
2020-04-24,0.05336495375,0.00198950311192691
2020-04-25,0.0513315988541667,0.0019878711770317
2020-04-26,0.0653050073958333,0.00206960480915776
2020-04-27,0.0631925248958333,0.00232585011896612
2020-04-28,0.0565592829166667,0.00176353966161654
2020-04-29,0.0539647659375,0.00235049781623319
2020-04-30,0.116707959791667,0.0150968186217247
2020-05-01,0.102797819791667,0.0025010829877799
2020-05-02,0.0962872984375,0.00175328466540486
2020-05-03,0.09408263375,0.00105229817133563
2020-05-04,0.0921526904166667,0.00183526692975331
2020-05-05,0.0862738542708333,0.00175423778700893
2020-05-06,0.0829203415625,0.00223057333755499
2020-05-07,0.0748807084375,0.00286038870851142
2020-05-08,0.0668923392708333,0.00215453673347305
2020-05-09,0.0595488989583333,0.00270453154212955
2020-05-10,0.0526382666666667,0.00213581979190127
2020-05-11,0.048765909375,0.00186801327875863
2020-05-12,0.0434299272916667,0.00166511483057759
2020-05-13,0.0389587489583333,0.00115577773393684
2020-05-14,0.0404844585197178,0.00538699630028529
2020-05-15,0.0405115568462984,0.00170183325119611
2020-05-16,0.0364661429941838,0.00104264552389164
2020-05-17,0.0338755348717083,0.000783554941953026
2020-05-18,0.0349960009845647,0.0036879360965875
2020-05-19,0.0956252206916426,0.0194942624993432
2020-05-20,0.131879420953708,0.0148285949861821
2020-05-21,0.147124959024711,0.00315542333025083
2020-05-22,0.137211645572617,0.00974201749992232
2020-05-23,0.117710588220793,0.00349256812598345
2020-05-24,0.113651687556801,0.0082395138878628
2020-05-25,0.111680529839887,0.00172765300177853
2020-05-26,0.107360427801713,0.00141040755300147
2020-05-27,0.105774393253224,0.00241671578167208
2020-05-28,0.108762832740147,0.00267324714562149
2020-05-29,0.106069604961746,0.00177192328877041
2020-05-30,0.103157716362283,0.00133723264966307
2020-05-31,0.100437998738626,0.00162686939205396
2020-06-01,0.096495454791913,0.000950195051493768
2020-06-02,0.0955533639790257,0.000675453579907012
2020-06-03,0.0945410240323762,0.000875195032454742
2020-06-04,0.0951736480199578,0.00219567271710962
2020-06-05,0.0954508304334432,0.00328850773551789
2020-06-06,0.0935481773494886,0.00117757957530616
2020-06-07,0.091805311435704,0.000790458140574084
2020-06-08,0.0910385117419737,0.000578506024435914
2020-06-09,0.0910322363694375,0.000462477932164834
2020-06-10,0.0912861884974734,0.000734923561555545
2020-06-11,0.0912629719599534,0.000798231955329349
2020-06-12,0.0903996591991298,0.000646948135308652
2020-06-13,0.0899193015210689,0.0013391809738554
2020-06-14,0.094777114627273,0.0127907993554083
2020-06-15,0.0970019749658781,0.00300233988518659
2020-06-16,0.0975539190425337,0.00275812621270394
2020-06-17,0.153272963495032,0.0346231650163178
2020-06-18,0.121883961764135,0.00587648702451621
2020-06-19,0.110147034676596,0.00200626595230091
2020-06-20,0.105549665693747,0.00113194343799748
2020-06-21,0.102169833796696,0.00105004682672589
2020-06-22,0.0999895273397738,0.000740818235535974
2020-06-23,0.099281561910975,0.000637812932974843
2020-06-24,0.0976997845761061,0.0010537828695479
2020-06-25,0.0957061497373478,0.00211881990331646
2020-06-26,0.0952030973857451,0.000745225437567384
2020-06-27,0.0942649414532626,0.000915857754954996
2020-06-28,0.0939816765098219,0.000618332339355093
2020-06-29,0.093045236281803,0.00088161732350663
2020-06-30,0.0922252493781358,0.000793640448474381
2020-07-01,0.0907964268639671,0.0013046998461906
2020-07-02,0.0892580138433011,0.000806026097090246
2020-07-03,0.0889434479294671,0.000497485302850664
2020-07-04,0.0884592325637685,0.000859802724966815
2020-07-05,0.0874881611151818,0.00109491197362605
2020-07-06,0.0871418398990362,0.000671474715327069
2020-07-07,0.086907534398491,0.000696899854344638
2020-07-08,0.0870960142409691,0.000658980011897516
2020-07-09,0.0873543485215804,0.000794614185904471
2020-07-10,0.0870337205139027,0.000785245434872809
2020-07-11,0.0863163672927649,0.000996645101642732
2020-07-12,0.0858942593139512,0.000706451912542024
2020-07-13,0.0853024702072999,0.00170849661604979
2020-07-14,0.0842307931744811,0.000718175573584722
2020-07-15,0.0838662925507692,0.000587228493919059
2020-07-16,0.0851919776322565,0.000564572119852541
2020-07-17,0.0854187474095258,0.000742899922055281
2020-07-18,0.0853680052874552,0.000766251738867698
2020-07-19,0.084136120379241,0.00082617842269706
2020-07-20,0.0839615513388435,NA
2020-07-21,NA,NA
2020-07-22,NA,NA
2020-07-23,NA,NA
2020-07-24,NA,NA
2020-07-25,NA,NA
2020-07-26,NA,NA
2020-07-27,NA,NA
2020-07-28,NA,NA
2020-07-29,NA,NA
2020-07-30,NA,NA
2020-07-31,NA,NA
2020-08-01,NA,NA
2020-08-02,NA,NA
2020-08-03,NA,NA
2020-08-04,NA,NA
2020-08-05,NA,NA
2020-08-06,NA,NA
2020-08-07,NA,NA
2020-08-08,NA,NA
2020-08-09,NA,NA
2020-08-10,NA,NA
2020-08-11,NA,NA
2020-08-12,NA,NA
2020-08-13,NA,NA
2020-08-14,NA,NA
2020-08-15,NA,NA
2020-08-16,NA,NA
2020-08-17,NA,NA
2020-08-18,NA,NA
2020-08-19,NA,NA
2020-08-20,NA,NA
2020-08-21,NA,NA
2020-08-22,NA,NA
2020-08-23,NA,NA
2020-08-24,0.0106754323809524,NA
2020-08-25,0.01051139859375,0.000605720500928841
2020-08-26,0.00972867510416667,0.00045460731022991
2020-08-27,0.0095659645625,0.000469017376083475
2020-08-28,0.00939379183333333,0.000484453073613222
2020-08-29,0.00938787365625,0.000798964838324952
2020-08-30,0.00841457746875,0.000449048603866463
2020-08-31,0.01899149103125,0.0132889589552026
2020-09-01,0.0189903492708333,0.00253069902423411
2020-09-02,0.0166445039361702,NA
2020-09-03,0.0130295845833333,0.000852014192367483
2020-09-04,0.0102428989895833,0.00074545109353848
2020-09-05,0.00747779792708333,0.000785955792487221
2020-09-06,0.00641785139583333,0.00040051138227638
2020-09-07,0.006025349375,0.000362954674874491
2020-09-08,0.0059310941875,0.000427451015536427
2020-09-09,0.0060470858125,0.000184815707018089
2020-09-10,0.00756392438541667,0.00173591949640294
2020-09-11,0.0065154488125,0.000365596155613477
2020-09-12,0.00635721802083333,0.000241696883971334
2020-09-13,0.00615085979166667,0.000234304106220007
2020-09-14,0.00593737721875,0.000427303029640711
2020-09-15,0.00513396173958333,0.00020770883531446
2020-09-16,0.00519222944791667,0.000171056135605391
2020-09-17,0.0118837495520833,0.00755879887564847
2020-09-18,0.0077194859375,0.00105394800491587
2020-09-19,0.00539053247916667,0.000381100560647407
2020-09-20,0.00492584321875,0.000270438253108784
2020-09-21,0.00464024070833333,0.000178207573053797
2020-09-22,0.00470387123958333,0.000210980097912214
2020-09-23,0.00461266676041667,0.000220498907597664
2020-09-24,0.00458794636458333,0.000172176964401172
2020-09-25,0.0118405203333333,0.00985825022774103
2020-09-26,0.00749044751041667,0.000879357756028772
2020-09-27,0.00570426509375,0.000280537079443514
2020-09-28,0.00587124759375,0.0011015321086667
2020-09-29,0.0128203709166667,0.00920031328438316
2020-09-30,0.00986582190625,0.00276918426613322
2020-10-01,0.00586442688541667,0.000551524269561938
2020-10-02,0.0047228813125,0.000322761103904593
2020-10-03,0.00430458494791667,0.000155498131506755
2020-10-04,0.00422417582291667,0.00013573337626166
2020-10-05,0.00419692714583333,0.000270186568060157
2020-10-06,0.0040832278125,0.000145698536567105
2020-10-07,0.00421513621875,0.000202977541352016
2020-10-08,0.00399401114583333,0.000289224218819968
2020-10-09,0.00364806130208333,0.000126556048142117
2020-10-10,0.00484445434375,0.00084662218522791
2020-10-11,0.0105362243333333,0.00609110968270445
2020-10-12,0.00810300457291667,0.000987164432304043
2020-10-13,0.00622355817708333,0.00041539903368073
2020-10-14,0.0051485513125,0.000329270624722561
2020-10-15,0.00476504863541667,0.000162633317585887
2020-10-16,0.00458624270833333,0.000286260360274713
2020-10-17,0.00423187627083333,0.00017815825215911
2020-10-18,0.00416389201041667,0.000161997227971832
2020-10-19,0.0043270935625,0.000151278910196666
2020-10-20,0.00440458055208333,0.000166809538578323
2020-10-21,0.0044290025625,0.000188749199504573
2020-10-22,0.0043880173125,0.000219744774966697
2020-10-23,0.00433354567708333,0.000176407232450522
2020-10-24,0.00439486677083333,0.000176006201235517
2020-10-25,0.00882467142708333,0.00347733616084374
2020-10-26,0.0054399093125,0.000196399116701
2020-10-27,0.005052629125,0.000159061175923919
2020-10-28,0.00483339477083333,0.000174820132753728
2020-10-29,0.03864007215625,0.0310577988516557
2020-10-30,0.0179659963541667,0.00313027722535682
2020-10-31,0.0115355404791667,0.00112374589025101
2020-11-01,0.0148125054166667,0.00402519473340445
2020-11-02,0.0134711421698113,0.00138058780176865
2020-11-03,0.0113281118645833,0.000920218378123752
2020-11-04,0.00978420978125,0.000422257121699269
2020-11-05,0.00882658901041667,0.00035250365510441
2020-11-06,0.00780558985416667,0.000365465579984331
2020-11-07,0.00691790276041667,0.000293521609153066
2020-11-08,0.00634177019791667,0.000214404975048014
2020-11-09,0.0060832248125,0.000184534623434954
2020-11-10,0.00629639570833333,0.000231386132512729
2020-11-11,0.0563429399166667,0.0337583623671842
2020-11-12,0.126070023125,0.0134992343534077
2020-11-13,0.101672113125,0.00541737889792691
2020-11-14,0.0920773807291667,0.00201199328201256
2020-11-15,0.088839803125,0.00161447905241244
2020-11-16,0.0861694222916667,0.00127427781979605
2020-11-17,0.0857446797916667,0.00141218242830322
2020-11-18,0.084178185,0.00161263932852752
2020-11-19,0.079532149375,0.00247434506521702
2020-11-20,0.0728346721875,0.00319859567167949
2020-11-21,0.0643140534375,0.003381878356901
2020-11-22,0.0530202214583333,0.00265532481246109
2020-11-23,0.0456431517708333,0.00269945925086254
2020-11-24,0.0378627830208333,0.00215376795408474
2020-11-25,0.0319076916666667,0.00159196144651788
2020-11-26,0.0291079792708333,0.000776734895556555
2020-11-27,0.02668329875,0.000686709466298291
2020-11-28,0.0247047910416667,0.000603224806985848
2020-11-29,0.0229946164583333,0.00101010936315668
2020-11-30,0.0487619785416667,0.00588128841577761
2020-12-01,0.0423713072916667,0.00269939006323767
2020-12-02,0.03525712,0.0018671848588013
2020-12-03,0.0308896840625,0.00134202829535123
2020-12-04,0.034037286875,0.0109453715969726
2020-12-05,0.0650894197916667,0.00421881193668748
2020-12-06,0.058202839375,0.00182800118101068
2020-12-07,0.0540999927083333,0.00100345095318997
2020-12-08,0.0492285630208333,0.00230575324652972
2020-12-09,0.0433347823958333,0.00221886544521851
2020-12-10,0.0379262338541667,0.00174537722532491
2020-12-11,0.0337869284375,0.00122268367763817
2020-12-12,0.03120261375,0.00077480118688501
2020-12-13,0.0296266819791667,0.000549856927949386
2020-12-14,0.0501724593814433,0.0127335379356826
2020-12-15,0.0510846446875,0.00191364097367954
2020-12-16,0.0545837572916667,0.0066670768927429
2020-12-17,0.0582863361458333,0.00115614338765012
2020-12-18,0.0553296775,0.00152483523879657
2020-12-19,0.0502627122916667,0.00193748539601177
2020-12-20,0.0456254458333333,0.00163964878574373
2020-12-21,0.04124431375,0.00227387507532394
2020-12-22,0.0366714572916667,0.00157290464261136
2020-12-23,0.0309109977083333,0.00356762108298203
2020-12-24,0.0351387761458333,0.0106840716888643
2020-12-25,0.0602530334375,0.0016843454543905
2020-12-26,0.0558202792708333,0.00329372450831394
2020-12-27,0.0437788821875,0.00672568081336716
2020-12-28,0.0314408348958333,0.00279224097636478
2020-12-29,0.0317473447916667,0.00130312150634017
2020-12-30,0.0283021626041667,0.00214266781282452
2020-12-31,0.0223938327083333,0.00338331520350038
2021-01-01,0.0286943579166667,0.00364780955690973
2021-01-02,0.0320704219791667,0.00379547250815623
2021-01-03,0.0335002836458333,0.00245853177216387
2021-01-04,0.0351170066666667,0.00231839705106632
2021-01-05,0.0330284036458333,0.00169718393273534
2021-01-06,0.0325157875,0.0010961145268207
2021-01-07,0.0310634160824742,0.00158378277615753
2021-01-08,0.0287771130208333,0.00149480908158384
2021-01-09,0.0310910873958333,0.00102680524696878
2021-01-10,0.0291911491666667,0.0012036938855012
2021-01-11,0.0269442775,0.00151793955822739
2021-01-12,0.027442585625,0.000823183162456075
2021-01-13,0.0267955403125,0.00113929427621937
2021-01-14,0.0253881002083333,0.00134748093648148
2021-01-15,0.0254009465625,0.00175810791572964
2021-01-16,0.0248706998958333,0.00105276660019858
2021-01-17,0.0241522038541667,0.000652319168917809
2021-01-18,0.024340320625,0.000800217896105821
2021-01-19,0.0231655182291667,0.00114015188757971
2021-01-20,0.022561996875,0.00156280669094813
2021-01-21,0.0213390678125,0.00124599622281357
2021-01-22,0.0216966529166667,0.00066367096108795
2021-01-23,0.0213212020833333,0.000705279958693398
2021-01-24,0.0197514788541667,0.00116563572206385
2021-01-25,0.0218693998958333,0.00502095572637542
2021-01-26,0.0615109111458333,0.00709219086581674
2021-01-27,0.0518611630208333,0.00221415746460583
2021-01-28,0.0544925235416667,0.00246466674734098
2021-01-29,0.0481444107291667,0.00259515520811589
2021-01-30,0.0415996984375,0.00263113945593372
2021-01-31,0.0419756767708333,0.00120971269025291
2021-02-01,0.0401635805208333,0.00137138150190726
2021-02-02,0.0379327705208333,0.00172432126355263
2021-02-03,0.0340013507291667,0.00156051616997794
2021-02-04,0.0313850861458333,0.00197480329040075
2021-02-05,0.031232418125,0.00101534297699407
2021-02-06,0.0301649805208333,0.00118287618217397
2021-02-07,0.0332744796875,0.001547496436538
2021-02-08,0.0316199936458333,0.00142483260872517
2021-02-09,0.0301710720833333,0.00103242949680218
2021-02-10,0.0311273217708333,0.000682150206423922
2021-02-11,0.0351975496875,0.0054411068639567
2021-02-12,0.0487549142708333,0.012114438461009
2021-02-13,0.0429308227083333,0.0115611476075941
2021-02-14,0.0563820417708333,0.00283101809961456
2021-02-15,0.0635051428125,0.0102421711907237
2021-02-16,0.0910831246875,0.00439242628702058
2021-02-17,0.0914212254166667,0.00447198619422662
2021-02-18,0.0907999590625,0.00413383315041521
2021-02-19,0.0916988554166667,0.00224035019646009
2021-02-20,0.088792069375,0.00213745862723386
2021-02-21,0.0829169029166667,0.00331734023847384
2021-02-22,0.0804523505208333,0.00287861418934231
2021-02-23,0.0785149207291667,0.00215072640351812
2021-02-24,0.0727422313541667,0.00370291308394482
2021-02-25,0.0667688739583333,0.00260016249338928
2021-02-26,0.0634442047916667,0.00230246000501568
2021-02-27,0.0715089679166667,0.00271204338625982
2021-02-28,0.0816846579166667,0.00480571230721347
2021-03-01,0.0893238111458333,0.00253806834449262
2021-03-02,0.0858123436458333,0.00310936804554004
2021-03-03,0.0817544752083333,0.0022414497535263
2021-03-04,0.0767836038541667,0.00211265310969001
2021-03-05,0.0700821090625,0.00293853565456785
2021-03-06,0.0630888528125,0.0020057305996793
2021-03-07,0.0581997561458333,0.00191300572242926
2021-03-08,0.0542141954166667,0.00174787524989383
2021-03-09,0.0512835977083333,0.00144255538194259
2021-03-10,0.0488718298958333,0.00146580023261123
2021-03-11,0.0464728071875,0.00128241355941932
2021-03-12,0.0450497676041667,0.000956982782613361
2021-03-13,0.0415804620833333,0.00142451027162609
2021-03-14,0.0387147008695652,0.00132099036124679
2021-03-15,0.036103965,0.00130008543234261
2021-03-16,0.0359638447916667,0.000934888233071041
2021-03-17,0.03501582375,0.00103709156669201
2021-03-18,0.0420451415625,0.00393919150676361
2021-03-19,0.0606123451041667,0.00422634238647806
2021-03-20,0.05394296125,0.00242850030639325
2021-03-21,0.0501163920833333,0.00190706554613097
2021-03-22,0.0545945329166667,0.00698026116439461
2021-03-23,0.0605517872916667,0.00111420536520402
2021-03-24,0.0609889008333333,0.00148030419954937
2021-03-25,0.0620213794791667,0.00295431464125603
2021-03-26,0.0699734676041667,0.00227329394731348
2021-03-27,0.0685107628125,0.0045397956787456
2021-03-28,0.0795728489583333,0.00521961658977956
2021-03-29,0.0809626739583333,0.00211804212143071
2021-03-30,0.0766429808333333,0.00195807631209746
2021-03-31,0.0821550405208333,0.00663283258925704
2021-04-01,0.085000651875,0.00222635755693101
2021-04-02,0.0792240833333333,0.00283269412268758
2021-04-03,0.0725285326041667,0.0024278247175988
2021-04-04,0.0689973130208333,0.00145851993486917
2021-04-05,0.0654862269791667,0.00112578262382652
2021-04-06,0.0629767102083333,0.00101633308270155
2021-04-07,0.0600205966666667,0.0010760680742775
2021-04-08,0.057835245625,0.00166142012930588
2021-04-09,0.0573123754166667,0.00119222053184354
2021-04-10,0.0590212179166667,0.00760820319623413
2021-04-11,0.0717997625,0.00320721499919626
2021-04-12,0.0653544891666667,0.00178313743601355
2021-04-13,0.0596864470833333,0.00139377603522224
2021-04-14,0.0557259328125,0.00123648958714044
2021-04-15,0.0563513357291667,0.00172565393888001
2021-04-16,0.0507947439109423,0.00179037330798917
2021-04-17,0.0478446760416667,0.000794614094758189
2021-04-18,0.0463135905208333,0.000620756664489513
2021-04-19,0.0481253160416667,0.00169611067262815
2021-04-20,0.0464546166666667,0.000844596427650092
2021-04-21,0.0446290461458333,0.000930599782963281
2021-04-22,0.0414285990625,0.00104147342065696
2021-04-23,0.0396298029166667,0.000599091527717577
2021-04-24,0.0423615388541667,0.0045537297274871
2021-04-25,0.0470858322916667,0.00135546590883724
2021-04-26,0.0443564954166667,0.000795423864780899
2021-04-27,0.0432228692708333,0.00071928074732917
2021-04-28,0.0419970208333333,0.000830716955246512
2021-04-29,0.0408546641666667,0.000763496507787369
2021-04-30,0.0387132534375,0.00145728651048001
2021-05-01,0.035460063125,0.0010989575197511
2021-05-02,0.034531840625,0.000587576637951999
2021-05-03,0.0363934380208333,0.00199383426082174
2021-05-04,0.0465419722916667,0.0170297430950609
2021-05-05,0.0474051119791667,0.00182542110975529
2021-05-06,0.0423402133333333,0.00109878926214904
2021-05-07,0.0404763244791667,0.000690389679184108
2021-05-08,0.0384574902083333,0.00111043392996183
2021-05-09,0.0369419489583333,0.000524336035402928
2021-05-10,0.0357295385416667,0.000947216974142205
2021-05-11,0.0336073892708333,0.000496740139433816
2021-05-12,0.0320545503125,0.000860343623138242
2021-05-13,0.030424351875,0.000875422306092819
2021-05-14,0.0285900126041667,0.000852545658201606
2021-05-15,0.0271941992708333,0.000732561760818258
2021-05-16,0.0265187927083333,0.000391283517272872
2021-05-17,0.026237071875,0.000471205327865761
2021-05-18,0.0255887572916667,0.000468788440306733
2021-05-19,0.0250253486458333,0.000613233021446891
2021-05-20,0.0236935575,0.00064526298732255
2021-05-21,0.0221412947916667,0.000618417744785205
2021-05-22,0.0210055883333333,0.000598528972693037
2021-05-23,0.01968669,0.000668689844789204
2021-05-24,0.0179640345833333,0.000693207751513008
2021-05-25,0.0168455721875,0.000443284092628271
2021-05-26,0.0162233771875,0.000579496319295705
2021-05-27,0.0149528851041667,0.000521599534404044
2021-05-28,0.016821723125,0.00321127697287881
2021-05-29,0.0204697698958333,0.00407736897398452
2021-05-30,0.0224235794791667,0.00209765899558801
2021-05-31,0.0186780408333333,0.000982756616166102
2021-06-01,0.016481050625,0.000570332564543313
2021-06-02,0.0154124066666667,0.000389457684367612
2021-06-03,0.0149596503125,0.000443799202851335
2021-06-04,0.0143277090625,0.00054252459986928
2021-06-05,0.0135816477083333,0.00048605615530129
2021-06-06,0.0131416545833333,0.00054646701013138
2021-06-07,0.0135638258333333,0.00143100302225336
2021-06-08,0.0172696759375,0.0104313157185113
2021-06-09,0.0194477540625,0.00705822533526659
2021-06-10,0.0214378244791667,0.00100860701712794
2021-06-11,0.0279265701041667,0.0124075794870961
2021-06-12,0.0390331608333333,0.00193352895702659
2021-06-13,0.0397298946875,0.00861277234380453
2021-06-14,0.0432432803125,0.0026220281237351
2021-06-15,0.0375180165625,0.00124820575057735
2021-06-16,0.033380458125,0.0013835814192924
2021-06-17,0.0290820922916667,0.00151216809668313
2021-06-18,0.0249244263541667,0.00105346364047577
2021-06-19,0.0222571385416667,0.00125311922386623
2021-06-20,0.0195977854166667,0.000846505180654917
2021-06-21,0.0177144791666667,0.000974925687894823
2021-06-22,0.0184933345833333,0.00425570498342783
2021-06-23,0.0155681701041667,0.00114960946393432
2021-06-24,0.0130294908333333,0.000864250820836864
2021-06-25,0.0119886040625,0.000506841553598211
2021-06-26,0.0112533147916667,0.000420404317715268
2021-06-27,0.0128249657291667,0.00402180248393173
2021-06-28,0.0126526630208333,0.000770574819082782
2021-06-29,0.0113147533333333,0.000619803575266376
2021-06-30,0.010887013125,0.000497361514627174
2021-07-01,0.012635073125,0.00237755820199425
2021-07-02,0.0141777144791667,0.00303348033287731
2021-07-03,0.0108422554375,0.000595691019653907
2021-07-04,0.0103012586354167,0.000358477742015849
2021-07-05,0.01017236365625,0.000539761298198142
2021-07-06,0.00996448560416667,0.000521173794691993
2021-07-07,0.00986905721875,0.000520055089952982
2021-07-08,0.01025099759375,0.0007672279056578
2021-07-09,0.0102232766770833,0.000530027531763686
2021-07-10,0.00973235338541667,0.000402413394043027
2021-07-11,0.00997288655208333,0.000664644996179193
2021-07-12,0.00956171730208333,0.000500731290114161
2021-07-13,0.00909647397916667,0.000478862796625065
2021-07-14,0.00980281025,0.00180855779205659
2021-07-15,0.00940020970833333,0.000518606679417434
2021-07-16,0.0090473395625,0.000523237298753641
2021-07-17,0.0104665476979167,0.00475900399307618
2021-07-18,0.00937542940625,0.000683403099651513
2021-07-19,0.00876928029166667,0.000510350257625155
2021-07-20,0.00850961170833333,0.00038762201973333
2021-07-21,0.00869942419995694,0.000235690464590047
2021-07-22,0.00886515110516961,0.000372584442456077
2021-07-23,0.00880709488016484,0.000399590426617062
2021-07-24,0.00891277922828333,0.000762490753105986
2021-07-25,0.0103168016106411,0.00165194325224635
2021-07-26,0.0169405045577976,0.0171123297353589
2021-07-27,0.0111674529184022,0.00111372393924122
2021-07-28,0.00981009218899305,0.000504957837985553
2021-07-29,0.00946161433140777,0.000392820575961175
2021-07-30,0.00908381972911063,0.000468267401760835
2021-07-31,0.00878910738626506,0.000342591006915972
2021-08-01,0.00897547551888165,0.000424359910542753
2021-08-02,0.00852436786162814,0.000384564048486356
2021-08-03,0.00853200693589399,0.000322817899435693
2021-08-04,0.00835368864338721,0.000437340369319013
2021-08-05,0.00814445222317131,0.00039157471363657
2021-08-06,0.00800455480519658,0.000404516031338151
2021-08-07,0.00818487902281965,0.000252724183641734
2021-08-08,0.00800539585337112,0.000462031546219278
2021-08-09,0.00779521534053231,0.000402618009555923
2021-08-10,0.00780762604250496,0.000315865379738583
2021-08-11,0.00837154346976588,0.000606075471750914
2021-08-12,0.00856016678303678,0.000685610616946
2021-08-13,0.00821597197217471,0.0004025093931409
2021-08-14,0.00813376375592883,0.000894049778058751
2021-08-15,0.0204182459028723,0.0294778726658494
2021-08-16,0.0203905005650975,0.00839134160878128
2021-08-17,0.0144247621517276,0.0041077148780989
2021-08-18,0.0182240216457683,0.00719891936372712
2021-08-19,0.0154727192684402,0.00984687277981275
2021-08-20,0.0141495295290755,0.00190858337770315
2021-08-21,0.0109943920292651,0.000606044256059893
2021-08-22,0.00959732792927046,0.000499113266704715
2021-08-23,0.00905347982260208,0.000336558959284434
2021-08-24,0.0087773064885746,0.000306250256027619
2021-08-25,0.00860673975254997,0.000307575306970718
2021-08-26,0.00844723529740627,0.00028903309866535
2021-08-27,0.00852631379746763,0.000165738025412156
2021-08-28,0.00846832934037129,0.000281540689189642
2021-08-29,0.00872451011927286,0.000941804174717567
2021-08-30,0.00850564383168657,0.000337422661282462
2021-08-31,0.0107640121478506,0.00709711407339451
2021-09-01,0.0171981693421025,0.010996842592451
2021-09-02,0.0101297496485725,0.00095335674335824
2021-09-03,0.00891650170317511,0.000339804018123739
2021-09-04,0.00862589911811517,0.000260952723648086
2021-09-05,0.00853174266910306,0.000251992814926177
2021-09-06,0.00845159656799135,0.000482520619701316
2021-09-07,0.00806206641711528,0.00025790784756943
2021-09-08,0.00806086190340609,0.000194473598824022
2021-09-09,0.00808997313514799,0.000235627821367497
2021-09-10,0.00774498590476794,0.000214873400315008
2021-09-11,0.00772575416750011,0.000188854186017949
2021-09-12,0.00769576552988322,0.000252382932564366
2021-09-13,0.00758684719496514,0.000264626749772113
2021-09-14,0.00755385477405715,0.000276551981314309
2021-09-15,0.00747636156819969,0.000212954389115566
2021-09-16,0.0075723781399607,0.000225940679171303
2021-09-17,0.00771737823207252,0.000125876995855531
2021-09-18,0.00766447832599789,0.000245632229109328
2021-09-19,0.00744695047367603,0.000309871072113626
2021-09-20,0.00768269961830397,0.00014830257276144
2021-09-21,0.0144656500550786,0.00756853588407002
2021-09-22,0.0698763550310811,0.0324529792274538
2021-09-23,0.0257693665216024,0.00828294925969259
2021-09-24,0.0133024517726871,0.00158573960359156
2021-09-25,0.0108550672590059,0.000540234381941801
2021-09-26,0.00990623557611592,0.000425644467020773
2021-09-27,0.00949306426247661,0.000262860901722991
2021-09-28,0.00941334863876745,0.00020746795302159
2021-09-29,0.00928540012237716,0.000211868794033235
2021-09-30,0.00900966627621964,0.000304914508909726
2021-10-01,0.0087497967420105,0.000225264461404083
2021-10-02,0.00887374836368626,0.000197642707050312
2021-10-03,0.00977990490308188,0.00196174085993727
2021-10-04,0.00937750880797896,0.000280691630807054
2021-10-05,0.0103101131313973,0.00271674679791668
2021-10-06,0.00994084449345463,0.000259751200466828
2021-10-07,0.0102756284656174,0.000489204370015599
2021-10-08,0.00968655259648451,0.000129815730852158
2021-10-09,0.00973408500428262,0.000364666217081225
2021-10-10,0.00937848803213561,0.000160832245184102
2021-10-11,0.00926215647914187,0.000167069208560773
2021-10-12,0.00901729190909751,0.000272235767368373
2021-10-13,0.00882259353434113,0.000315474963818485
2021-10-14,0.00852863965920079,0.000229878856662236
2021-10-15,0.00849881763162862,0.000204147858847169
2021-10-16,0.00853333324882856,0.000328278398026256
2021-10-17,0.00808069303182832,0.000137869473512424
2021-10-18,0.00801245262850321,0.000218122856937905
2021-10-19,0.00787130916506694,0.000158836823615284
2021-10-20,0.00811312726821429,0.000150154106734542
2021-10-21,0.00826408783096014,0.000239781520714732
2021-10-22,0.00843637770276169,0.00060380143035013
2021-10-23,0.00814708444079624,0.000171624018149865
2021-10-24,0.00812606042867016,0.000149470003250687
2021-10-25,0.00882530456070934,0.00209704929074779
2021-10-26,0.00755315016613166,0.000543139767018334
2021-10-27,0.00830957816030264,0.0001094788676692
2021-10-28,0.00895253531474765,0.00123265293206527
2021-10-29,0.0168839670052728,0.00674706510361947
2021-10-30,0.0102492029848238,0.000990286822955339
2021-10-31,0.0087165972382676,0.000189324017176449
2021-11-01,0.00839420196210092,0.000131640162182516
2021-11-02,0.00912452651277758,0.000798577975663741
2021-11-03,0.00866805608542066,8.0357136094911e-05
2021-11-04,0.00853205396681818,5.72575181118507e-05
2021-11-05,0.00840689049301131,5.82503533916196e-05
2021-11-06,0.00835402703752854,6.28406336545496e-05
2021-11-07,0.0082975493349434,8.36059801538006e-05
2021-11-08,0.0105184156595914,0.00320082581887974
2021-11-09,0.0131822873446642,0.00219328506947835
2021-11-10,0.0136994194791667,0.000257934467382582
2021-11-11,0.0135449992708333,0.000700416842968671
2021-11-12,0.0215000022916667,0.0076533901307957
2021-11-13,0.0149150851041667,0.000591683371834339
2021-11-14,0.0140585995833333,0.000310724913990754
2021-11-15,0.0142091329166667,0.000714876630105785
2021-11-16,0.0138015904166667,0.000233038739471706
2021-11-17,0.0136711497916667,0.00017685938187682
2021-11-18,0.01415147,0.000487542970267075
2021-11-19,0.014121650625,0.000598357145823044
2021-11-20,0.0136547583333333,0.000299226262271517
2021-11-21,0.0136992255208333,0.000239980774330251
2021-11-22,0.0134824261458333,0.000498974767958988
2021-11-23,0.01281952625,0.000317336957833219
2021-11-24,0.0125665853125,0.000348323683843372
2021-11-25,0.0128130220833333,0.000254245970669999
2021-11-26,0.013009781875,0.000546560151196963
2021-11-27,0.0127346370833333,0.000422299558450152
2021-11-28,0.0127171519791667,0.0002725096337983
2021-11-29,0.0126627373958333,0.000395428647215158
2021-11-30,0.0126346125,0.000272463290332748
2021-12-01,0.0128014407291667,0.000231944188846073
2021-12-02,0.0133812733333333,0.000497295062290232
2021-12-03,0.0131474583333333,0.000208101722285631
2021-12-04,0.0130867051041667,0.000258060369208018
2021-12-05,0.0130844396875,0.00022621754641543
2021-12-06,0.0135676432291667,0.000369278249273234
2021-12-07,0.0106277773198835,0.0028854627736306
2021-12-08,0.00754684818815742,5.73526560937746e-05
2021-12-09,0.00742339832875726,8.89960341571219e-05
2021-12-10,0.00854238985540002,0.00131933784085023
2021-12-11,0.00843378283677535,0.000112695891713959
2021-12-12,0.00791542171034096,0.000134589709694044
2021-12-13,0.00780089388571712,5.71112343190303e-05
2021-12-14,0.0104910295870445,0.00270744443076659
2021-12-15,0.012991845,0.000299769346447354
2021-12-16,0.0132923134375,0.000259386134015753
2021-12-17,0.0133838580208333,0.000311708927848164
2021-12-18,0.0135989275,0.0005661330932768
2021-12-19,0.01367948375,0.000488315300117606
2021-12-20,0.0129579342708333,0.000432289225342052
2021-12-21,0.0129791240625,0.000341313957629623
2021-12-22,0.0135232230208333,0.000397184964887751
2021-12-23,0.0132296694791667,0.000740829105996319
2021-12-24,0.0130785332291667,0.000357964711320146
2021-12-25,0.0134981438541667,0.000506984021503367
2021-12-26,0.0130668695833333,0.000345357185442357
2021-12-27,0.0127054042708333,0.000465902941274128
2021-12-28,0.0130868079166667,0.000394895097467714
2021-12-29,0.0142032920833333,0.00105343647495325
2021-12-30,0.0145647419791667,0.0011268359190701
2021-12-31,0.0135614113541667,0.000458297716111355
